LIBGEO,CODGEO,NBMENFISC,NBPERSMENFISC,MED,PIMP,TP60,TP60AGE1,TP60AGE2,TP60AGE3,TP60AGE4,TP60AGE5,TP60AGE6,TP60TOL1,TP60TOL2,PACT,PTSA,PCHO,PBEN,PPEN,PPAT,PPSOC,PPFAM,PPMINI,PPLOGT,PIMPOT,D1,D9,RD,lat,lng
Paris,001,5064161.67,12386964.0,22911.38,64.53,15.33,19.07,16.3,17.57,16.0,12.1,7.83,5.63,25.47,85.07,76.93,3.1,5.03,21.6,10.87,4.4,1.9,1.37,1.13,-21.93,10580.38,46401.56,4.38,48.8567,2.3522
Bordeaux,006,527937.0,1196274.67,21900.44,56.13,12.03,22.3,13.37,13.1,11.5,7.4,7.3,5.0,22.67,77.17,67.83,3.5,5.87,26.27,9.37,4.97,1.83,1.77,1.37,-17.77,11760.29,38424.44,3.28,44.84,-0.58
Marseille - Aix-en-Provence,003,734905.67,1705454.83,20635.56,53.13,18.63,27.37,21.7,21.97,19.23,12.73,10.6,6.5,32.37,73.6,63.93,3.6,6.03,27.8,10.37,6.57,2.2,2.53,1.8,-18.33,9878.33,38467.78,3.88,,
Lyon,002,939886.67,2231507.83,22157.6,58.2,12.87,19.67,14.57,15.0,12.37,8.07,6.7,5.0,24.47,77.97,70.13,3.2,4.67,24.4,10.53,5.17,2.3,1.5,1.33,-18.07,11502.95,40109.42,3.5,45.76,4.84
Toulouse,004,561315.67,1279804.83,22424.28,57.2,12.47,22.9,13.03,13.33,11.5,8.1,8.93,5.0,24.33,80.6,71.87,3.23,5.5,22.6,9.6,5.23,1.97,1.8,1.47,-18.03,11589.07,39787.93,3.43,43.6045,1.444
Nice,007,478264.0,1030252.0,21291.76,56.0,15.73,22.2,18.3,18.03,16.37,12.33,10.3,8.0,25.67,70.77,60.77,3.4,6.63,30.03,14.0,4.7,1.57,1.87,1.27,-19.5,10559.04,40329.89,3.83,43.7034,7.2663
Nantes,008,397382.33,927915.0,22069.4,55.9,10.1,18.0,10.87,11.07,9.63,5.87,6.17,5.0,23.23,79.0,70.9,3.2,4.9,24.13,8.83,5.1,2.23,1.53,1.3,-17.07,12465.73,37455.22,3.01,47.2181,-1.5528
Montpellier,015,252221.33,565014.17,20872.83,52.67,17.1,28.9,18.8,19.27,16.9,11.7,9.5,7.03,29.9,74.23,63.27,3.8,7.17,27.27,10.5,6.2,2.07,2.27,1.87,-18.2,10257.33,38742.14,3.76,43.6119,3.8772
Strasbourg (partie française),009,321401.0,742782.67,21707.74,57.03,14.5,23.2,18.67,17.43,13.13,8.63,6.17,5.0,26.6,75.8,67.57,3.03,5.2,26.73,10.23,5.17,2.0,1.73,1.47,-17.93,10977.33,38930.37,3.54,,
Lille (partie française),005,471068.33,1125299.5,20269.67,51.4,18.07,27.8,19.73,20.57,17.9,11.53,8.9,6.8,33.53,77.5,68.8,3.4,5.33,23.43,8.93,7.3,2.7,2.63,1.97,-17.17,10212.01,37832.33,3.71,,
Lillebonne,224,10660.67,25712.0,20438.67,52.07,13.3,20.53,15.23,16.67,12.7,7.97,,5.0,26.9,72.53,66.17,3.37,3.0,29.63,6.17,6.07,2.67,1.87,1.53,-14.4,11625.07,34470.61,2.98,49.5189,0.5343
Rennes,011,291742.67,685884.67,21713.5,54.73,10.6,22.33,11.97,10.97,9.07,5.6,6.13,5.0,24.57,79.07,70.97,2.9,5.2,23.93,8.73,5.3,2.33,1.57,1.37,-17.03,12273.84,36532.08,2.99,48.1147,-1.6794
Toulon,013,289746.67,627901.67,20963.89,53.03,15.13,23.43,18.93,18.43,15.97,10.87,8.47,6.57,26.87,64.2,54.43,3.3,6.43,35.93,11.97,5.4,1.7,2.2,1.47,-17.5,10790.39,37419.17,3.46,43.1258,5.9306
Reims,029,132833.67,300776.17,20837.22,53.97,15.47,28.27,19.07,17.2,14.13,8.23,6.7,5.0,27.37,75.13,64.57,2.97,7.6,26.67,9.87,6.07,2.3,2.03,1.77,-17.73,10771.32,38123.67,3.54,49.2628,4.0347
Le Havre,032,122452.0,281223.5,20476.69,52.13,15.3,27.4,19.23,17.33,14.27,8.87,7.07,5.0,29.43,71.5,63.53,3.47,4.5,29.67,7.47,7.07,2.5,2.67,1.93,-15.7,10865.82,35044.76,3.23,49.49,0.1
Dijon,025,161350.33,356959.5,21865.76,58.1,11.23,20.53,13.27,13.13,10.67,6.4,6.07,5.0,24.4,73.43,65.2,2.67,5.6,30.03,9.3,4.63,1.9,1.47,1.27,-17.4,12050.98,37351.78,3.11,47.3167,5.0167
Grenoble,010,287832.0,665115.33,22560.5,58.7,11.4,21.23,13.3,13.1,10.53,6.8,6.67,5.0,24.23,75.27,67.83,2.9,4.53,26.87,10.7,4.67,2.0,1.43,1.27,-17.5,11975.19,39582.32,3.31,45.1715,5.7224
Angers,023,171058.0,397503.0,20762.56,50.27,12.13,22.57,14.6,13.77,11.67,6.27,5.77,5.0,25.9,72.4,63.83,3.2,5.37,28.73,8.57,5.9,2.53,1.77,1.6,-15.6,11759.56,35189.87,3.0,47.4736,-0.5542
Clermont-Ferrand,019,209801.33,458888.5,21786.38,55.83,11.9,23.23,13.8,13.4,11.17,7.0,7.13,5.0,25.9,72.47,64.93,2.67,4.83,29.53,10.17,4.83,1.83,1.63,1.37,-17.0,11784.33,37558.65,3.2,45.7831,3.0824
Le Mans,028,147520.33,339977.33,20687.11,51.87,13.43,23.87,16.4,16.27,13.03,6.87,5.53,5.0,31.37,70.63,63.4,2.9,4.37,31.07,8.07,5.87,2.5,1.77,1.57,-15.63,11316.11,33923.59,3.01,48.0077,0.1984
Brest,030,137401.67,305366.67,21226.4,52.8,10.73,22.5,12.6,11.7,9.83,5.73,6.43,5.0,26.6,71.83,63.13,3.17,5.53,30.77,8.17,5.47,2.23,1.77,1.47,-16.23,12231.85,35290.0,2.9,48.39,-4.49
Tours,018,214710.67,480565.0,21213.53,53.97,12.5,23.47,14.97,14.2,11.87,7.2,6.4,5.0,26.5,72.27,64.57,3.0,4.67,30.07,9.1,5.23,2.1,1.73,1.43,-16.67,11625.58,36546.71,3.13,47.3936,0.6892
Amiens,033,119011.67,274949.5,20163.49,51.17,16.5,30.33,19.43,18.77,15.8,9.33,8.0,6.13,32.33,73.5,64.37,3.13,6.03,27.6,8.67,6.77,2.37,2.63,1.77,-16.53,10572.43,35203.33,3.34,49.892,2.299
Annecy,044,101457.67,233641.33,25400.32,64.37,7.6,11.37,8.53,8.73,7.47,5.2,5.0,5.0,14.77,80.0,72.17,2.83,5.0,22.97,12.23,2.67,1.33,0.67,0.67,-17.87,13634.16,51200.44,3.74,45.916,6.133
Limoges,035,123964.67,264645.33,20620.0,51.73,14.77,29.07,19.4,17.1,13.3,7.57,8.37,5.5,32.67,68.33,60.8,2.53,4.97,33.57,8.37,6.03,2.0,2.37,1.67,-16.3,10916.89,35006.83,3.19,45.8353,1.2625
Metz,024,163190.33,369033.83,21252.27,50.63,14.37,24.57,18.83,17.33,12.43,8.3,7.37,5.7,27.23,66.73,58.77,3.13,4.83,26.97,16.47,5.27,1.83,1.9,1.53,-15.43,11045.17,38349.4,3.48,49.1203,6.1778
Perpignan,031,141832.67,308619.0,18491.33,43.3,21.43,34.33,26.17,25.73,22.33,13.73,13.6,10.67,37.7,61.9,50.9,3.87,7.13,35.07,10.23,8.43,2.4,3.6,2.43,-15.63,9658.23,32935.35,3.42,42.6986,2.8956
Rouen,012,276213.0,632416.67,20934.56,53.23,14.2,23.73,16.43,17.0,13.43,8.7,6.17,5.0,27.83,73.63,65.57,3.17,4.9,28.77,7.47,6.23,2.33,2.2,1.7,-16.1,11104.88,35974.64,3.24,49.4428,1.0886
Saint-Denis,9D1,77506.33,204197.33,16188.98,34.83,34.0,47.9,37.7,36.07,30.23,25.87,31.73,18.97,42.77,78.33,66.87,4.1,7.33,15.1,7.17,13.53,3.87,6.3,3.37,-14.13,8216.91,39078.95,4.76,48.9356,2.3539
Montreuil-Bellay,682,1683.0,3826.5,18426.29,40.4,17.17,,,23.0,,,,,32.2,62.93,52.53,4.53,5.87,34.63,8.33,6.97,2.8,2.27,1.87,-12.87,10672.13,29541.63,2.76,,
Caen,022,173006.0,394846.83,21219.33,54.13,11.67,22.17,13.77,13.83,11.37,6.1,5.5,5.0,24.07,72.4,64.1,3.1,5.23,29.8,8.53,5.33,2.2,1.67,1.47,-16.07,11903.46,35926.78,3.03,49.1814,-0.3636
Mulhouse,034,117843.67,276599.33,20509.9,52.87,17.9,26.7,23.7,22.73,16.23,10.53,7.2,6.87,33.4,74.5,66.8,3.7,4.0,28.13,8.07,6.33,2.43,2.1,1.8,-17.03,10244.05,39350.44,3.85,47.75,7.34
Nancy,020,181624.67,399281.83,21253.33,54.4,13.93,27.87,16.73,16.23,12.5,7.77,6.07,5.0,29.23,73.4,64.93,2.8,5.63,29.63,8.67,5.73,2.03,2.03,1.67,-17.43,11130.67,37072.38,3.33,48.6936,6.1846
Avignon,016,227503.33,533500.83,19445.89,47.5,18.97,25.77,22.17,22.1,18.8,15.03,11.13,8.77,32.7,68.87,58.47,3.9,6.5,29.33,11.57,6.5,2.4,2.27,1.87,-16.27,10006.73,35022.94,3.52,43.95,4.8075
Poitiers,039,108708.33,243235.83,20844.22,51.8,12.93,27.0,14.97,13.8,11.53,6.6,8.33,5.03,28.87,73.2,65.33,2.9,5.0,28.67,8.77,5.7,2.27,1.8,1.63,-16.33,11470.06,35270.23,3.09,46.58,0.34
Dunkerque,038,105702.0,251334.83,19250.78,47.47,16.73,26.4,20.53,20.33,15.8,9.43,8.43,6.23,31.3,70.87,62.67,3.73,4.5,29.67,7.1,7.37,2.8,2.53,2.03,-15.0,10751.9,32692.51,3.04,51.0383,2.3775
La Rochelle,047,96322.33,210835.33,21310.61,54.07,11.5,21.17,13.0,14.2,12.33,6.47,6.13,5.23,23.23,67.0,57.63,3.4,5.97,34.1,10.57,4.93,1.83,1.77,1.37,-16.6,11982.22,36972.55,3.1,46.16,-1.15
Pau,042,106385.33,235205.33,21541.29,54.1,12.0,23.67,13.63,13.7,11.87,7.17,8.27,5.53,24.9,69.87,61.8,2.97,5.03,31.3,10.63,5.17,1.8,1.97,1.43,-16.97,11783.91,38349.71,3.24,43.3,-0.37
Pauillac,587,2158.67,4732.83,17656.2,40.03,22.23,,31.4,32.93,21.85,,,10.77,35.03,62.47,54.07,4.4,3.97,34.5,8.33,8.47,2.6,3.6,2.3,-13.77,9513.0,29898.89,3.14,,
Ajaccio,090,38002.0,81682.5,21315.17,55.53,14.53,20.83,16.13,15.57,14.4,12.33,13.8,8.17,23.3,71.5,61.83,2.57,7.1,31.3,10.8,4.8,1.3,2.2,1.27,-18.4,11010.25,38498.24,3.5,41.9267,8.7369
Saint-Nazaire,046,102910.67,226277.0,21152.96,53.43,10.43,17.57,12.13,12.6,11.47,6.23,5.6,5.03,23.07,64.47,56.33,3.17,4.97,36.03,10.93,4.93,2.03,1.67,1.27,-16.37,12355.95,35756.78,2.9,47.2736,-2.2139
Colmar,064,55447.0,124964.33,21814.8,57.57,13.07,23.07,17.83,15.43,11.53,7.43,5.73,5.0,24.57,73.83,65.43,2.83,5.6,28.8,10.1,4.63,1.9,1.5,1.23,-17.37,11471.54,39205.33,3.42,48.0817,7.3556
Calais,063,51692.67,124147.83,17796.0,41.67,23.1,39.13,29.17,26.33,22.1,11.0,9.0,9.37,41.5,69.23,60.13,4.17,4.93,28.13,6.87,9.93,3.43,3.73,2.8,-14.17,9654.91,30477.72,3.16,50.9481,1.8564
Valence,050,77966.33,178855.5,20869.3,52.3,13.6,20.83,17.43,16.67,13.17,7.73,6.9,5.8,28.27,70.0,61.47,3.3,5.23,29.67,11.03,5.6,2.27,1.77,1.57,-16.3,11373.74,36411.33,3.22,44.9333,4.8917
Valence,441,53031.67,121834.83,20085.97,49.03,15.7,21.4,19.67,19.27,15.17,9.33,6.7,7.57,29.8,67.17,58.8,3.33,5.03,31.5,10.4,6.23,2.3,2.2,1.73,-15.3,10993.74,34988.0,3.18,44.9333,4.8917
Valence,050,53170.0,121814.5,20148.86,48.93,15.3,20.7,18.2,19.63,14.53,9.17,6.9,7.43,29.1,67.3,58.87,3.4,5.07,31.5,10.27,6.2,2.27,2.2,1.73,-15.27,11059.29,34875.56,3.17,44.9333,4.8917
Valence,441,28235.33,64793.83,19365.52,45.67,17.4,21.7,20.43,22.23,16.53,10.77,6.5,9.2,30.63,64.47,56.2,3.43,4.87,33.33,9.63,6.83,2.3,2.63,1.9,-14.27,10679.29,33452.22,3.13,44.9333,4.8917
Valence,050,53251.67,121692.0,20134.19,49.3,15.5,20.4,19.33,21.17,13.73,9.63,7.1,7.7,29.37,67.4,59.0,3.37,5.03,31.53,10.27,6.1,2.23,2.17,1.7,-15.3,11007.94,34970.0,3.19,44.9333,4.8917
Valence,441,28317.0,64671.33,19350.86,46.03,17.6,21.1,21.57,23.77,15.73,11.23,6.9,9.47,30.9,64.57,56.33,3.4,4.83,33.37,9.63,6.73,2.27,2.6,1.87,-14.3,10627.94,33546.67,3.16,44.9333,4.8917
Valence,050,28455.33,64651.0,19413.75,45.93,17.2,19.7,20.1,24.13,15.1,11.07,7.3,9.33,30.2,64.7,56.4,3.47,4.87,33.37,9.5,6.7,2.23,2.6,1.87,-14.27,10693.5,33434.22,3.14,44.9333,4.8917
Valence,441,3520.67,7630.33,18630.42,42.67,19.3,,22.33,26.73,17.1,12.67,,11.1,31.73,61.87,53.73,3.5,4.67,35.2,8.87,7.33,2.27,3.03,2.03,-13.27,10313.5,32010.89,3.11,44.9333,4.8917
Valence,050,77966.33,178855.5,20869.3,52.3,13.6,20.83,17.43,16.67,13.17,7.73,6.9,5.8,28.27,70.0,61.47,3.3,5.23,29.67,11.03,5.6,2.27,1.77,1.57,-16.3,11373.74,36411.33,3.22,44.9333,4.8917
Valence,441,53031.67,121834.83,20085.97,49.03,15.7,21.4,19.67,19.27,15.17,9.33,6.7,7.57,29.8,67.17,58.8,3.33,5.03,31.5,10.4,6.23,2.3,2.2,1.73,-15.3,10993.74,34988.0,3.18,44.9333,4.8917
Valence,050,53170.0,121814.5,20148.86,48.93,15.3,20.7,18.2,19.63,14.53,9.17,6.9,7.43,29.1,67.3,58.87,3.4,5.07,31.5,10.27,6.2,2.27,2.2,1.73,-15.27,11059.29,34875.56,3.17,44.9333,4.8917
Valence,441,28235.33,64793.83,19365.52,45.67,17.4,21.7,20.43,22.23,16.53,10.77,6.5,9.2,30.63,64.47,56.2,3.43,4.87,33.33,9.63,6.83,2.3,2.63,1.9,-14.27,10679.29,33452.22,3.13,44.9333,4.8917
Valence,050,53251.67,121692.0,20134.19,49.3,15.5,20.4,19.33,21.17,13.73,9.63,7.1,7.7,29.37,67.4,59.0,3.37,5.03,31.53,10.27,6.1,2.23,2.17,1.7,-15.3,11007.94,34970.0,3.19,44.9333,4.8917
Valence,441,28317.0,64671.33,19350.86,46.03,17.6,21.1,21.57,23.77,15.73,11.23,6.9,9.47,30.9,64.57,56.33,3.4,4.83,33.37,9.63,6.73,2.27,2.6,1.87,-14.3,10627.94,33546.67,3.16,44.9333,4.8917
Valence,050,28455.33,64651.0,19413.75,45.93,17.2,19.7,20.1,24.13,15.1,11.07,7.3,9.33,30.2,64.7,56.4,3.47,4.87,33.37,9.5,6.7,2.23,2.6,1.87,-14.27,10693.5,33434.22,3.14,44.9333,4.8917
Valence,441,3520.67,7630.33,18630.42,42.67,19.3,,22.33,26.73,17.1,12.67,,11.1,31.73,61.87,53.73,3.5,4.67,35.2,8.87,7.33,2.27,3.03,2.03,-13.27,10313.5,32010.89,3.11,44.9333,4.8917
Valence,050,77966.33,178855.5,20869.3,52.3,13.6,20.83,17.43,16.67,13.17,7.73,6.9,5.8,28.27,70.0,61.47,3.3,5.23,29.67,11.03,5.6,2.27,1.77,1.57,-16.3,11373.74,36411.33,3.22,44.9333,4.8917
Valence,441,53031.67,121834.83,20085.97,49.03,15.7,21.4,19.67,19.27,15.17,9.33,6.7,7.57,29.8,67.17,58.8,3.33,5.03,31.5,10.4,6.23,2.3,2.2,1.73,-15.3,10993.74,34988.0,3.18,44.9333,4.8917
Valence,050,53170.0,121814.5,20148.86,48.93,15.3,20.7,18.2,19.63,14.53,9.17,6.9,7.43,29.1,67.3,58.87,3.4,5.07,31.5,10.27,6.2,2.27,2.2,1.73,-15.27,11059.29,34875.56,3.17,44.9333,4.8917
Valence,441,28235.33,64793.83,19365.52,45.67,17.4,21.7,20.43,22.23,16.53,10.77,6.5,9.2,30.63,64.47,56.2,3.43,4.87,33.33,9.63,6.83,2.3,2.63,1.9,-14.27,10679.29,33452.22,3.13,44.9333,4.8917
Valence,050,53251.67,121692.0,20134.19,49.3,15.5,20.4,19.33,21.17,13.73,9.63,7.1,7.7,29.37,67.4,59.0,3.37,5.03,31.53,10.27,6.1,2.23,2.17,1.7,-15.3,11007.94,34970.0,3.19,44.9333,4.8917
Valence,441,28317.0,64671.33,19350.86,46.03,17.6,21.1,21.57,23.77,15.73,11.23,6.9,9.47,30.9,64.57,56.33,3.4,4.83,33.37,9.63,6.73,2.27,2.6,1.87,-14.3,10627.94,33546.67,3.16,44.9333,4.8917
Valence,050,28455.33,64651.0,19413.75,45.93,17.2,19.7,20.1,24.13,15.1,11.07,7.3,9.33,30.2,64.7,56.4,3.47,4.87,33.37,9.5,6.7,2.23,2.6,1.87,-14.27,10693.5,33434.22,3.14,44.9333,4.8917
Valence,441,3520.67,7630.33,18630.42,42.67,19.3,,22.33,26.73,17.1,12.67,,11.1,31.73,61.87,53.73,3.5,4.67,35.2,8.87,7.33,2.27,3.03,2.03,-13.27,10313.5,32010.89,3.11,44.9333,4.8917
Valence,050,77966.33,178855.5,20869.3,52.3,13.6,20.83,17.43,16.67,13.17,7.73,6.9,5.8,28.27,70.0,61.47,3.3,5.23,29.67,11.03,5.6,2.27,1.77,1.57,-16.3,11373.74,36411.33,3.22,44.9333,4.8917
Valence,441,53031.67,121834.83,20085.97,49.03,15.7,21.4,19.67,19.27,15.17,9.33,6.7,7.57,29.8,67.17,58.8,3.33,5.03,31.5,10.4,6.23,2.3,2.2,1.73,-15.3,10993.74,34988.0,3.18,44.9333,4.8917
Valence,050,53170.0,121814.5,20148.86,48.93,15.3,20.7,18.2,19.63,14.53,9.17,6.9,7.43,29.1,67.3,58.87,3.4,5.07,31.5,10.27,6.2,2.27,2.2,1.73,-15.27,11059.29,34875.56,3.17,44.9333,4.8917
Valence,441,28235.33,64793.83,19365.52,45.67,17.4,21.7,20.43,22.23,16.53,10.77,6.5,9.2,30.63,64.47,56.2,3.43,4.87,33.33,9.63,6.83,2.3,2.63,1.9,-14.27,10679.29,33452.22,3.13,44.9333,4.8917
Valence,050,53251.67,121692.0,20134.19,49.3,15.5,20.4,19.33,21.17,13.73,9.63,7.1,7.7,29.37,67.4,59.0,3.37,5.03,31.53,10.27,6.1,2.23,2.17,1.7,-15.3,11007.94,34970.0,3.19,44.9333,4.8917
Valence,441,28317.0,64671.33,19350.86,46.03,17.6,21.1,21.57,23.77,15.73,11.23,6.9,9.47,30.9,64.57,56.33,3.4,4.83,33.37,9.63,6.73,2.27,2.6,1.87,-14.3,10627.94,33546.67,3.16,44.9333,4.8917
Valence,050,28455.33,64651.0,19413.75,45.93,17.2,19.7,20.1,24.13,15.1,11.07,7.3,9.33,30.2,64.7,56.4,3.47,4.87,33.37,9.5,6.7,2.23,2.6,1.87,-14.27,10693.5,33434.22,3.14,44.9333,4.8917
Valence,441,3520.67,7630.33,18630.42,42.67,19.3,,22.33,26.73,17.1,12.67,,11.1,31.73,61.87,53.73,3.5,4.67,35.2,8.87,7.33,2.27,3.03,2.03,-13.27,10313.5,32010.89,3.11,44.9333,4.8917
Valence,050,77966.33,178855.5,20869.3,52.3,13.6,20.83,17.43,16.67,13.17,7.73,6.9,5.8,28.27,70.0,61.47,3.3,5.23,29.67,11.03,5.6,2.27,1.77,1.57,-16.3,11373.74,36411.33,3.22,44.9333,4.8917
Valence,441,53031.67,121834.83,20085.97,49.03,15.7,21.4,19.67,19.27,15.17,9.33,6.7,7.57,29.8,67.17,58.8,3.33,5.03,31.5,10.4,6.23,2.3,2.2,1.73,-15.3,10993.74,34988.0,3.18,44.9333,4.8917
Valence,050,53170.0,121814.5,20148.86,48.93,15.3,20.7,18.2,19.63,14.53,9.17,6.9,7.43,29.1,67.3,58.87,3.4,5.07,31.5,10.27,6.2,2.27,2.2,1.73,-15.27,11059.29,34875.56,3.17,44.9333,4.8917
Valence,441,28235.33,64793.83,19365.52,45.67,17.4,21.7,20.43,22.23,16.53,10.77,6.5,9.2,30.63,64.47,56.2,3.43,4.87,33.33,9.63,6.83,2.3,2.63,1.9,-14.27,10679.29,33452.22,3.13,44.9333,4.8917
Valence,050,53251.67,121692.0,20134.19,49.3,15.5,20.4,19.33,21.17,13.73,9.63,7.1,7.7,29.37,67.4,59.0,3.37,5.03,31.53,10.27,6.1,2.23,2.17,1.7,-15.3,11007.94,34970.0,3.19,44.9333,4.8917
Valence,441,28317.0,64671.33,19350.86,46.03,17.6,21.1,21.57,23.77,15.73,11.23,6.9,9.47,30.9,64.57,56.33,3.4,4.83,33.37,9.63,6.73,2.27,2.6,1.87,-14.3,10627.94,33546.67,3.16,44.9333,4.8917
Valence,050,28455.33,64651.0,19413.75,45.93,17.2,19.7,20.1,24.13,15.1,11.07,7.3,9.33,30.2,64.7,56.4,3.47,4.87,33.37,9.5,6.7,2.23,2.6,1.87,-14.27,10693.5,33434.22,3.14,44.9333,4.8917
Valence,441,3520.67,7630.33,18630.42,42.67,19.3,,22.33,26.73,17.1,12.67,,11.1,31.73,61.87,53.73,3.5,4.67,35.2,8.87,7.33,2.27,3.03,2.03,-13.27,10313.5,32010.89,3.11,44.9333,4.8917
Valence,050,77966.33,178855.5,20869.3,52.3,13.6,20.83,17.43,16.67,13.17,7.73,6.9,5.8,28.27,70.0,61.47,3.3,5.23,29.67,11.03,5.6,2.27,1.77,1.57,-16.3,11373.74,36411.33,3.22,44.9333,4.8917
Valence,441,53031.67,121834.83,20085.97,49.03,15.7,21.4,19.67,19.27,15.17,9.33,6.7,7.57,29.8,67.17,58.8,3.33,5.03,31.5,10.4,6.23,2.3,2.2,1.73,-15.3,10993.74,34988.0,3.18,44.9333,4.8917
Valence,050,53170.0,121814.5,20148.86,48.93,15.3,20.7,18.2,19.63,14.53,9.17,6.9,7.43,29.1,67.3,58.87,3.4,5.07,31.5,10.27,6.2,2.27,2.2,1.73,-15.27,11059.29,34875.56,3.17,44.9333,4.8917
Valence,441,28235.33,64793.83,19365.52,45.67,17.4,21.7,20.43,22.23,16.53,10.77,6.5,9.2,30.63,64.47,56.2,3.43,4.87,33.33,9.63,6.83,2.3,2.63,1.9,-14.27,10679.29,33452.22,3.13,44.9333,4.8917
Valence,050,53251.67,121692.0,20134.19,49.3,15.5,20.4,19.33,21.17,13.73,9.63,7.1,7.7,29.37,67.4,59.0,3.37,5.03,31.53,10.27,6.1,2.23,2.17,1.7,-15.3,11007.94,34970.0,3.19,44.9333,4.8917
Valence,441,28317.0,64671.33,19350.86,46.03,17.6,21.1,21.57,23.77,15.73,11.23,6.9,9.47,30.9,64.57,56.33,3.4,4.83,33.37,9.63,6.73,2.27,2.6,1.87,-14.3,10627.94,33546.67,3.16,44.9333,4.8917
Valence,050,28455.33,64651.0,19413.75,45.93,17.2,19.7,20.1,24.13,15.1,11.07,7.3,9.33,30.2,64.7,56.4,3.47,4.87,33.37,9.5,6.7,2.23,2.6,1.87,-14.27,10693.5,33434.22,3.14,44.9333,4.8917
Valence,441,3520.67,7630.33,18630.42,42.67,19.3,,22.33,26.73,17.1,12.67,,11.1,31.73,61.87,53.73,3.5,4.67,35.2,8.87,7.33,2.27,3.03,2.03,-13.27,10313.5,32010.89,3.11,44.9333,4.8917
Valence,050,77966.33,178855.5,20869.3,52.3,13.6,20.83,17.43,16.67,13.17,7.73,6.9,5.8,28.27,70.0,61.47,3.3,5.23,29.67,11.03,5.6,2.27,1.77,1.57,-16.3,11373.74,36411.33,3.22,44.9333,4.8917
Valence,441,53031.67,121834.83,20085.97,49.03,15.7,21.4,19.67,19.27,15.17,9.33,6.7,7.57,29.8,67.17,58.8,3.33,5.03,31.5,10.4,6.23,2.3,2.2,1.73,-15.3,10993.74,34988.0,3.18,44.9333,4.8917
Valence,050,53170.0,121814.5,20148.86,48.93,15.3,20.7,18.2,19.63,14.53,9.17,6.9,7.43,29.1,67.3,58.87,3.4,5.07,31.5,10.27,6.2,2.27,2.2,1.73,-15.27,11059.29,34875.56,3.17,44.9333,4.8917
Valence,441,28235.33,64793.83,19365.52,45.67,17.4,21.7,20.43,22.23,16.53,10.77,6.5,9.2,30.63,64.47,56.2,3.43,4.87,33.33,9.63,6.83,2.3,2.63,1.9,-14.27,10679.29,33452.22,3.13,44.9333,4.8917
Valence,050,53251.67,121692.0,20134.19,49.3,15.5,20.4,19.33,21.17,13.73,9.63,7.1,7.7,29.37,67.4,59.0,3.37,5.03,31.53,10.27,6.1,2.23,2.17,1.7,-15.3,11007.94,34970.0,3.19,44.9333,4.8917
Valence,441,28317.0,64671.33,19350.86,46.03,17.6,21.1,21.57,23.77,15.73,11.23,6.9,9.47,30.9,64.57,56.33,3.4,4.83,33.37,9.63,6.73,2.27,2.6,1.87,-14.3,10627.94,33546.67,3.16,44.9333,4.8917
Valence,050,28455.33,64651.0,19413.75,45.93,17.2,19.7,20.1,24.13,15.1,11.07,7.3,9.33,30.2,64.7,56.4,3.47,4.87,33.37,9.5,6.7,2.23,2.6,1.87,-14.27,10693.5,33434.22,3.14,44.9333,4.8917
Valence,441,3520.67,7630.33,18630.42,42.67,19.3,,22.33,26.73,17.1,12.67,,11.1,31.73,61.87,53.73,3.5,4.67,35.2,8.87,7.33,2.27,3.03,2.03,-13.27,10313.5,32010.89,3.11,44.9333,4.8917
Valence,050,77966.33,178855.5,20869.3,52.3,13.6,20.83,17.43,16.67,13.17,7.73,6.9,5.8,28.27,70.0,61.47,3.3,5.23,29.67,11.03,5.6,2.27,1.77,1.57,-16.3,11373.74,36411.33,3.22,44.9333,4.8917
Valence,441,53031.67,121834.83,20085.97,49.03,15.7,21.4,19.67,19.27,15.17,9.33,6.7,7.57,29.8,67.17,58.8,3.33,5.03,31.5,10.4,6.23,2.3,2.2,1.73,-15.3,10993.74,34988.0,3.18,44.9333,4.8917
Valence,050,53170.0,121814.5,20148.86,48.93,15.3,20.7,18.2,19.63,14.53,9.17,6.9,7.43,29.1,67.3,58.87,3.4,5.07,31.5,10.27,6.2,2.27,2.2,1.73,-15.27,11059.29,34875.56,3.17,44.9333,4.8917
Valence,441,28235.33,64793.83,19365.52,45.67,17.4,21.7,20.43,22.23,16.53,10.77,6.5,9.2,30.63,64.47,56.2,3.43,4.87,33.33,9.63,6.83,2.3,2.63,1.9,-14.27,10679.29,33452.22,3.13,44.9333,4.8917
Valence,050,53251.67,121692.0,20134.19,49.3,15.5,20.4,19.33,21.17,13.73,9.63,7.1,7.7,29.37,67.4,59.0,3.37,5.03,31.53,10.27,6.1,2.23,2.17,1.7,-15.3,11007.94,34970.0,3.19,44.9333,4.8917
Valence,441,28317.0,64671.33,19350.86,46.03,17.6,21.1,21.57,23.77,15.73,11.23,6.9,9.47,30.9,64.57,56.33,3.4,4.83,33.37,9.63,6.73,2.27,2.6,1.87,-14.3,10627.94,33546.67,3.16,44.9333,4.8917
Valence,050,28455.33,64651.0,19413.75,45.93,17.2,19.7,20.1,24.13,15.1,11.07,7.3,9.33,30.2,64.7,56.4,3.47,4.87,33.37,9.5,6.7,2.23,2.6,1.87,-14.27,10693.5,33434.22,3.14,44.9333,4.8917
Valence,441,3520.67,7630.33,18630.42,42.67,19.3,,22.33,26.73,17.1,12.67,,11.1,31.73,61.87,53.73,3.5,4.67,35.2,8.87,7.33,2.27,3.03,2.03,-13.27,10313.5,32010.89,3.11,44.9333,4.8917
Bourges,057,62879.67,136966.5,20947.89,54.37,13.53,24.07,17.1,16.33,12.97,7.97,7.0,5.43,29.77,68.73,61.33,2.6,4.8,32.77,8.93,5.77,2.0,2.23,1.53,-16.2,11302.33,35203.46,3.12,47.0844,2.3964
Quimper,066,58557.67,125868.0,21326.13,53.87,10.2,18.27,12.33,12.13,10.83,5.53,5.97,5.2,23.53,67.77,58.7,2.97,6.1,34.0,9.97,4.8,1.87,1.67,1.27,-16.53,12428.04,36014.47,2.91,47.9967,-4.0964
Quimperlé,321,6473.0,14097.17,20217.69,48.1,11.23,,12.27,13.93,11.27,7.6,,5.9,25.6,67.73,59.8,3.27,4.7,33.7,7.37,5.73,2.33,1.93,1.47,-14.53,12098.67,31592.55,2.62,,
Troyes,048,82763.33,183570.0,19729.94,49.43,16.37,29.13,20.77,19.0,15.83,9.37,6.63,5.63,32.33,69.2,59.63,3.5,6.07,30.27,9.27,7.0,2.5,2.5,2.0,-15.73,10592.91,34186.0,3.23,48.2997,4.0792
Montauban,086,47346.33,110970.67,19662.94,46.6,16.43,24.73,19.13,19.13,15.57,11.1,12.03,8.27,31.9,69.27,59.93,3.37,5.9,29.67,9.5,6.9,2.57,2.57,1.77,-15.33,10591.43,33674.94,3.17,44.0181,1.3558
Niort,054,68549.0,155442.33,21598.69,55.07,10.1,19.73,11.5,10.97,9.77,5.87,7.37,5.0,24.03,74.57,67.27,2.53,4.77,29.0,8.13,4.9,2.0,1.67,1.23,-16.6,12464.44,36203.97,2.91,46.3258,-0.4606
Lorient,043,99492.0,216670.5,20736.73,51.0,11.93,23.0,14.93,14.5,11.77,6.57,6.67,5.17,26.77,65.5,56.53,3.47,5.5,35.57,9.1,5.5,2.03,1.97,1.5,-15.67,11833.83,34632.44,2.92,47.75,-3.36
Beauvais,067,52354.0,125713.67,20170.15,52.63,16.2,24.9,19.9,19.0,15.3,9.63,7.23,5.9,30.87,73.13,65.03,3.27,4.83,27.67,7.77,6.9,2.73,2.43,1.7,-15.47,10653.89,33563.44,3.15,49.4303,2.0952
Narbonne,101,42796.67,91623.33,18448.0,42.03,21.17,35.1,26.9,25.37,21.4,12.93,12.8,10.67,36.23,60.9,49.83,3.87,7.13,35.7,10.27,8.07,2.23,3.47,2.4,-14.93,9673.88,33009.56,3.43,43.1836,3.0042
La Roche-sur-Yon,075,50838.67,118719.0,20835.17,51.07,9.9,16.83,11.37,11.37,9.33,5.27,7.17,5.0,24.77,73.6,65.93,2.9,4.77,27.9,8.57,5.43,2.43,1.63,1.37,-15.5,12527.81,33277.27,2.65,46.6705,-1.426
Vannes,055,69904.0,156819.17,21799.47,55.83,10.27,19.47,13.57,12.23,10.33,5.07,5.2,5.0,23.03,67.23,57.8,2.97,6.5,34.23,10.87,4.67,1.97,1.5,1.23,-17.0,12392.22,37916.56,3.05,47.6559,-2.7603
Cholet,084,48474.0,116048.83,20363.11,48.2,9.8,14.5,11.53,12.27,9.53,5.33,5.1,5.0,24.93,72.7,64.57,3.07,5.03,28.03,8.87,5.23,2.67,1.33,1.23,-14.83,12575.71,32432.0,2.59,47.06,-0.8783
Saint-Quentin,074,46786.0,107404.33,18670.49,45.57,20.47,33.4,25.9,25.8,19.67,11.17,7.83,8.5,38.13,67.0,57.63,3.33,6.03,31.5,8.03,8.27,2.8,3.27,2.17,-14.8,9880.56,32662.56,3.32,49.8486,3.2864
Bayonne (partie française),036,140357.67,298536.67,21287.89,53.63,11.23,17.9,12.57,13.9,12.23,7.07,7.03,5.83,20.17,66.43,56.57,3.33,6.53,33.57,12.93,4.53,1.53,1.73,1.27,-17.47,12054.28,37846.22,3.13,,
Arles,141,24889.33,56341.0,18277.11,43.57,22.5,31.1,25.43,27.77,23.33,16.7,13.13,8.93,36.23,66.43,55.87,4.1,6.4,30.33,10.77,8.3,2.63,3.2,2.47,-15.83,9524.13,33088.42,3.48,43.6767,4.6278
Albi,091,44610.67,97320.67,20526.78,49.53,14.3,29.3,19.6,16.83,14.27,7.27,8.17,6.37,30.43,63.33,53.87,2.9,6.6,35.9,10.73,5.73,2.0,2.2,1.57,-15.7,11102.69,35391.73,3.17,43.9289,2.1464
Laval,069,50440.33,119675.67,20811.17,51.83,10.8,18.4,13.23,12.27,10.3,5.5,6.37,5.0,25.93,72.9,65.53,2.67,4.67,28.53,9.0,5.27,2.7,1.3,1.27,-15.7,12205.94,34086.44,2.81,48.0733,-0.7689
Bastia,097,36076.0,78125.33,19392.02,46.77,19.77,26.43,23.1,21.6,18.93,16.03,18.47,10.93,30.93,72.23,60.67,2.8,8.73,28.53,10.03,6.53,1.6,3.1,1.87,-17.33,9829.43,35960.67,3.66,42.7008,9.4503
Saint-Malo,113,35338.67,73953.83,20994.68,51.93,10.73,18.7,13.77,13.53,11.23,6.3,5.7,5.0,21.37,62.7,53.33,3.03,6.37,36.97,12.23,4.73,1.73,1.73,1.3,-16.63,12274.63,37769.56,3.09,48.65,-2.01
Blois,065,54622.33,125024.33,21183.41,55.7,13.27,22.87,17.47,16.17,12.83,7.2,6.07,5.0,30.17,69.63,61.73,2.97,4.97,32.2,8.93,5.33,2.23,1.77,1.3,-16.1,11364.59,35614.94,3.13,47.5939,1.3281
Brive-la-Gaillarde,085,46480.67,100573.83,20516.1,50.9,12.5,22.43,14.9,14.17,11.53,8.17,9.9,6.43,25.47,66.9,58.13,2.87,5.9,33.97,10.13,4.93,1.9,1.67,1.37,-15.93,11721.59,34842.19,2.96,45.1583,1.5321
Carcassonne,092,43627.0,97123.5,18630.33,43.23,20.97,32.33,26.97,24.37,21.13,12.93,13.77,10.0,38.53,63.87,54.33,3.53,6.03,33.7,9.13,8.3,2.53,3.43,2.33,-15.0,9728.11,32611.67,3.36,43.21,2.35
Belfort,073,47175.0,105926.33,20662.67,52.33,15.7,26.87,20.27,18.7,14.6,8.67,7.37,5.43,30.83,73.13,65.5,3.47,4.17,28.83,7.83,6.3,2.3,2.23,1.77,-16.1,10831.33,36356.98,3.35,47.64,6.85
Salon-de-Provence,143,26079.33,60483.33,21361.27,53.7,13.9,19.63,16.0,15.1,14.3,10.43,8.77,5.13,24.47,75.13,66.67,3.6,4.87,27.03,9.6,5.5,2.07,1.87,1.53,-17.27,11264.5,38161.33,3.38,43.6406,5.0972
Saint-Brieuc,051,75621.67,169172.83,20719.26,51.27,11.5,21.13,14.3,13.63,11.13,5.83,7.27,5.1,27.5,68.23,59.3,3.03,5.87,33.4,8.73,5.47,2.3,1.77,1.37,-15.83,11964.44,34225.33,2.85,48.5136,-2.7653
Tarbes,072,52932.0,114042.17,20043.48,48.23,15.0,29.43,19.47,17.57,13.77,8.6,10.37,6.83,31.53,65.33,56.37,3.23,5.73,35.27,8.37,6.2,2.0,2.53,1.67,-15.17,10967.03,33481.09,3.05,43.23,0.07
Valenciennes (partie française),026,146116.33,357661.5,17356.0,38.8,23.97,37.47,28.0,28.13,22.97,14.27,12.2,10.6,40.63,68.13,60.27,3.73,4.13,28.07,6.53,10.63,3.57,4.2,2.87,-13.37,9613.42,30242.35,3.14,,
Castres,121,29828.33,67164.5,19674.1,45.5,15.6,26.33,20.27,19.07,14.77,9.27,9.27,7.37,33.13,65.3,56.37,3.1,5.8,33.37,9.97,6.5,2.3,2.47,1.77,-15.13,10894.96,34039.01,3.13,43.6,2.25
Arras,062,55327.0,127646.0,20613.06,52.0,15.07,27.67,19.13,16.77,13.87,7.9,8.17,5.6,31.87,73.7,64.5,2.83,6.4,28.43,8.4,6.2,2.37,2.23,1.6,-16.73,10966.49,35944.78,3.27,50.292,2.78
Thionville,059,57396.0,128416.33,20481.0,37.8,16.7,22.97,21.17,20.73,15.63,10.03,9.4,7.67,29.47,43.53,37.17,3.07,3.3,25.27,37.1,5.13,1.57,2.03,1.57,-11.03,10396.14,39737.11,3.83,49.3589,6.1692
Bourg-en-Bresse,071,53588.67,123127.17,21224.45,54.87,11.5,18.3,14.1,13.33,11.1,7.33,6.57,5.0,25.0,70.6,63.23,2.7,4.63,30.57,9.63,5.03,2.3,1.47,1.27,-15.83,11993.51,35355.13,2.94,46.2056,5.2289
Boulogne-sur-Mer,058,55313.33,128903.0,18181.87,43.1,20.13,36.43,25.87,23.47,18.67,10.8,9.27,7.03,35.5,67.83,58.33,3.73,5.8,30.63,8.63,8.57,2.83,3.23,2.5,-15.67,10227.18,32537.0,3.18,50.7264,1.6147
Gap,136,28137.33,61454.5,20525.39,51.33,13.3,19.9,15.87,16.6,13.7,8.0,8.4,5.93,24.3,65.57,55.77,3.13,6.67,33.47,11.2,5.33,2.07,1.8,1.47,-15.57,11427.62,34914.35,3.05,44.5594,6.0786
Draguignan,110,36388.67,84045.67,19991.3,49.17,17.37,25.6,21.83,21.33,17.57,11.83,8.97,8.37,30.7,64.27,54.63,3.5,6.2,34.8,11.17,5.97,2.23,2.2,1.53,-16.2,10179.86,34487.11,3.38,43.5403,6.4667
Douai - Lens,014,217779.67,534751.5,17468.4,38.47,22.6,34.87,26.53,26.63,22.33,13.37,11.73,8.47,37.4,68.43,61.07,3.73,3.63,29.03,5.2,10.4,3.6,3.97,2.87,-13.07,9868.98,29472.87,2.98,,
Chartres,056,62475.33,145605.33,21775.16,58.73,11.2,17.73,13.47,13.67,10.83,6.73,5.1,5.0,23.7,74.43,66.57,2.93,4.9,28.6,8.9,4.8,2.23,1.4,1.17,-16.73,12050.1,36375.84,3.02,48.456,1.484
Thonon-les-Bains,103,39939.67,91668.67,25581.4,62.03,8.93,11.93,9.3,10.13,8.4,7.2,6.97,5.0,16.8,82.97,75.37,3.33,4.27,22.07,10.2,2.63,1.23,0.7,0.67,-17.87,12981.62,51326.93,3.95,46.3627,6.475
Creil,070,43256.33,115382.33,18291.78,46.7,22.8,29.33,27.73,27.37,20.77,15.33,9.67,8.97,36.33,73.23,66.8,4.0,2.43,26.27,5.2,9.47,3.97,3.1,2.4,-14.17,9442.27,31727.56,3.36,49.2583,2.4833
Haguenau,133,24459.67,57120.33,21071.31,55.0,13.1,17.7,18.83,16.03,11.53,7.8,5.03,5.3,25.77,75.07,67.53,3.23,4.33,27.27,8.83,5.2,2.17,1.67,1.33,-16.37,11471.49,35920.16,3.14,48.82,7.79
Auxerre,096,41130.33,90910.0,20818.38,54.67,12.6,19.2,15.07,15.97,12.87,7.73,5.77,5.57,26.77,68.5,60.2,2.67,5.67,33.13,9.23,5.53,2.17,1.97,1.37,-16.4,11656.41,34759.06,3.0,47.7986,3.5672
Roanne,081,48155.33,105281.83,19864.92,46.9,14.1,23.57,18.0,18.7,14.63,7.63,5.8,6.4,29.67,63.1,55.57,3.07,4.47,35.2,10.77,5.8,2.27,1.97,1.57,-14.87,11230.83,32994.52,2.93,46.0367,4.0689
Nevers,083,45104.67,95073.67,20099.67,50.27,14.6,26.03,20.03,18.13,14.33,8.37,6.67,6.7,30.43,64.27,56.6,2.6,5.03,36.6,8.1,6.47,2.0,2.77,1.67,-15.43,11016.29,32887.78,2.98,46.9933,3.1572
Agen,079,49513.67,109460.33,20283.11,49.43,14.77,23.3,18.03,16.9,13.57,10.07,10.63,7.03,28.23,69.37,60.53,3.17,5.67,30.6,9.67,6.03,2.17,2.2,1.67,-15.67,11035.48,34634.48,3.13,44.2049,0.6212
Cambrai,123,28260.33,64158.33,19064.67,45.33,18.1,31.0,22.9,21.0,19.13,9.2,8.63,7.67,35.17,68.13,58.4,3.6,6.13,30.77,8.63,7.63,2.57,3.1,2.0,-15.17,10407.16,33538.69,3.24,50.1767,3.2356
Vienne,076,47772.0,114800.0,21346.8,53.7,14.0,21.3,18.47,16.27,11.77,9.4,8.27,6.13,28.43,72.3,64.63,2.93,4.7,28.2,10.03,5.3,2.4,1.63,1.27,-15.83,11178.9,36454.33,3.25,45.5242,4.8781
Dreux,134,23143.0,60435.83,18446.36,45.97,21.87,26.5,26.83,27.3,21.13,14.83,8.8,9.47,38.9,69.1,61.37,4.1,3.6,29.23,7.1,8.8,3.93,2.73,2.13,-14.23,9630.67,31446.24,3.26,48.7372,1.3664
Mont-de-Marsan,122,30638.33,68580.83,20687.39,52.53,11.67,19.33,14.07,13.77,10.93,6.77,8.9,5.03,24.43,69.2,61.43,2.7,5.07,32.63,8.5,5.3,2.07,1.87,1.37,-15.63,11922.17,33879.26,2.84,43.89,-0.5
Menton - Monaco (partie française),112,37312.0,79463.0,21766.14,59.83,13.9,18.1,15.83,16.0,13.23,11.47,10.57,7.9,20.9,76.97,69.07,3.17,4.73,28.2,11.6,2.8,0.83,1.2,0.77,-19.57,11044.83,40195.3,3.64,,
Agde,241,15490.33,30379.0,18467.47,44.07,21.7,38.27,30.57,30.43,25.87,12.33,9.47,10.83,35.27,49.7,39.07,4.6,6.03,44.97,14.43,7.2,1.7,3.33,2.17,-16.3,9545.33,33477.43,3.5,43.3108,3.4758
Maubeuge (partie française),061,51570.67,124838.83,16825.87,38.2,26.6,40.0,32.6,32.03,25.4,16.83,12.87,12.63,45.2,63.7,55.03,3.97,4.7,30.33,7.13,11.67,3.63,4.93,3.1,-12.83,9243.37,29455.29,3.17,,
Soissons,127,26932.67,61906.33,19063.11,46.47,18.4,29.57,24.37,22.43,19.17,9.9,6.67,6.4,33.67,66.6,57.93,3.43,5.23,31.9,9.07,7.43,2.73,2.73,1.97,-15.0,10243.68,32785.96,3.19,49.3817,3.3236
Dieppe,106,35512.33,79799.0,19644.88,47.6,15.27,27.63,20.03,18.43,14.77,8.27,7.2,6.0,29.57,66.03,57.5,3.17,5.43,33.6,7.97,6.83,2.3,2.73,1.77,-14.43,10976.4,33076.54,3.02,49.925,1.075
Sens,129,27599.67,62959.33,20068.08,51.83,15.27,23.0,19.93,19.0,15.43,8.7,6.63,6.7,30.87,67.37,59.2,3.13,5.0,32.93,8.93,6.5,2.53,2.27,1.67,-15.73,10880.82,33732.78,3.09,48.1972,3.2833
La Teste-de-Buch - Arcachon,131,32729.33,68044.67,22443.6,58.9,10.3,17.6,13.8,14.0,12.07,5.53,5.63,5.57,18.4,59.07,48.63,3.13,7.3,42.7,14.43,3.23,1.13,1.23,0.83,-19.43,12394.77,41366.22,3.34,,
Bergerac,109,36681.67,79341.67,19072.92,43.83,17.63,27.4,22.73,23.7,17.8,10.57,11.37,10.23,32.63,58.03,48.57,3.5,5.97,39.23,10.57,6.47,2.17,2.5,1.77,-14.3,10406.12,32846.95,3.16,44.85,0.48
Saumur,158,19204.0,42373.83,19516.97,45.6,14.37,25.07,19.3,17.23,14.47,8.3,7.13,6.5,28.23,63.17,53.83,3.3,6.03,35.8,9.67,6.2,2.33,2.2,1.7,-14.83,11182.0,33498.11,3.0,47.26,-0.0769
Lunel,153,21119.0,51465.83,19068.22,44.53,19.53,25.53,20.6,23.07,19.97,14.7,13.23,10.3,33.13,70.4,60.57,4.63,5.23,27.77,9.7,7.27,2.7,2.63,1.9,-15.13,9951.38,33146.24,3.34,43.6778,4.1361
Aurillac,125,29870.67,63295.83,20499.13,49.37,11.47,19.67,12.47,13.63,11.23,7.33,10.07,6.1,25.17,66.4,57.03,2.27,7.1,33.1,11.3,4.77,1.73,1.73,1.27,-15.57,11993.8,34097.28,2.84,44.9261,2.4406
Vichy,105,40433.33,82205.83,19928.5,47.63,15.13,26.87,20.8,19.37,15.4,9.13,7.07,7.23,30.83,59.5,51.2,2.93,5.37,38.67,11.43,6.1,1.8,2.67,1.67,-15.7,10890.0,34504.89,3.16,46.1278,3.4267
Saintes,132,29040.33,62848.67,20244.37,48.9,13.5,23.77,16.43,16.6,14.03,7.67,8.9,7.07,28.0,63.47,54.03,3.1,6.3,36.57,9.57,5.5,1.9,2.13,1.47,-15.1,11409.38,34248.0,3.02,45.7464,-0.6333
Vierzon,178,15798.67,34033.33,18469.62,42.5,20.07,37.5,29.93,25.5,19.37,11.5,7.07,9.13,42.4,58.77,51.8,3.2,3.8,38.67,8.0,8.17,2.5,3.53,2.17,-13.6,9862.08,30046.0,3.04,47.2225,2.0694
Libourne,177,16678.0,36016.67,19427.89,46.43,17.7,29.87,22.2,22.17,16.97,9.73,8.97,8.33,28.4,67.8,57.07,3.5,7.23,30.3,10.77,7.2,2.17,3.0,2.07,-16.07,10326.64,34610.22,3.34,44.92,-0.24
Vernon,187,13297.67,31557.67,20283.68,54.23,17.8,28.13,24.17,21.3,15.4,12.4,6.5,5.97,30.4,72.23,64.83,3.6,3.8,29.6,7.93,6.6,2.6,2.3,1.7,-16.37,10101.67,37705.0,3.74,49.09,1.49
Rodez,104,37791.67,84054.83,21472.31,54.63,10.67,19.33,12.13,11.13,10.07,6.6,9.97,5.07,24.63,71.53,61.9,2.23,7.37,28.87,11.4,4.5,1.9,1.47,1.17,-16.3,12250.22,35490.89,2.9,44.3506,2.575
Laon,146,22148.33,50427.83,18907.78,46.7,20.03,36.7,27.23,22.13,19.13,9.6,7.67,6.87,37.3,67.97,59.47,3.27,5.23,30.73,8.53,8.03,2.8,3.0,2.2,-15.27,9905.93,33002.86,3.34,49.5639,3.6244
Dole,124,29136.33,65284.83,20386.67,50.37,12.93,20.13,16.7,15.97,12.7,7.43,7.3,5.9,27.8,66.5,59.2,2.7,4.63,34.57,8.03,5.7,2.37,1.97,1.37,-14.8,11587.06,33338.19,2.88,47.0931,5.4906
Rochefort,142,25386.0,54735.5,19635.33,45.8,14.9,25.83,18.73,17.3,15.73,8.73,8.47,6.9,28.87,63.23,54.37,3.53,5.27,35.8,8.47,6.67,2.23,2.6,1.83,-14.17,11023.05,32180.76,2.93,45.9421,-0.9588
Saint-Dizier,144,22751.67,50808.83,18739.94,44.43,18.17,28.03,23.63,25.0,16.77,10.1,8.83,8.87,34.73,63.4,56.13,3.6,3.67,35.07,7.63,7.5,2.63,3.0,1.87,-13.6,10457.7,30819.2,2.96,48.6383,4.9497
Auch,167,18936.33,40627.67,20748.89,51.2,13.4,26.57,18.4,15.77,12.33,7.27,9.43,5.8,27.5,65.77,56.7,2.67,6.4,34.2,10.5,5.5,1.8,2.2,1.5,-15.97,11294.22,35638.27,3.15,43.6465,0.5855
Manosque,176,16985.0,38237.0,20480.11,50.67,15.93,24.03,19.77,20.03,15.3,10.97,8.8,6.67,28.67,63.13,54.47,3.13,5.5,32.87,15.1,5.43,2.0,1.9,1.5,-16.53,10771.12,37148.37,3.46,43.8342,5.7839
Saint-Louis,9D5,17838.0,53244.0,12777.2,19.87,48.4,64.03,52.13,51.37,42.83,40.37,48.1,38.83,61.03,68.13,57.1,5.67,5.4,14.2,5.63,22.8,6.47,11.83,4.5,-10.77,7251.29,27272.74,3.75,47.59,7.57
Abbeville,164,17670.67,40350.67,18795.67,44.87,19.77,37.77,25.23,24.0,18.93,10.47,9.17,8.13,37.37,65.93,56.17,3.23,6.53,31.97,9.3,7.87,2.43,3.4,2.0,-15.07,10030.87,32821.22,3.27,50.1058,1.8358
Challans,226,12636.67,27884.33,20464.22,50.0,9.93,14.6,12.5,13.43,10.3,5.33,7.53,6.07,19.63,60.63,52.33,3.1,5.2,38.03,12.83,4.43,1.83,1.4,1.17,-15.93,12490.43,34011.71,2.72,46.8467,-1.8781
Oyonnax,165,16813.67,41579.0,19045.76,48.5,17.87,25.1,24.33,20.43,15.4,13.1,7.87,6.13,31.53,71.67,64.67,4.03,3.0,27.6,9.4,6.6,2.97,1.9,1.77,-15.27,10489.47,33381.33,3.17,46.2561,5.6556
Millau,202,13464.67,28594.0,19233.54,43.9,14.83,26.37,19.0,18.43,13.97,9.43,8.87,7.07,29.9,63.07,53.3,3.07,6.67,34.33,11.47,5.93,2.1,2.17,1.67,-14.8,11049.67,32751.11,2.97,44.0986,3.0783
Chaumont,161,18817.67,40203.5,20530.9,51.8,12.7,22.23,15.0,14.73,12.83,7.83,7.63,5.07,25.37,67.83,60.47,2.3,5.07,33.5,8.33,5.6,2.07,2.13,1.47,-15.27,11602.83,33761.65,2.91,48.1117,5.1389
Villeneuve-sur-Lot,140,25260.67,55749.17,18541.54,41.67,18.63,29.63,23.93,22.03,19.5,12.3,13.0,11.63,33.3,58.9,48.83,3.57,6.5,37.67,11.2,6.87,2.4,2.63,1.83,-14.63,10249.78,31818.67,3.09,44.4081,0.705
Hazebrouck,213,10810.33,25578.33,19542.7,45.87,14.47,24.97,18.07,16.23,14.73,8.1,7.97,6.3,29.1,68.2,60.03,2.97,5.2,29.57,10.7,6.57,2.6,2.37,1.6,-15.03,11337.93,32803.09,2.88,50.725,2.5392
Dax,128,30293.0,64158.83,20354.06,49.43,12.97,23.13,15.87,16.07,13.43,7.7,8.0,6.13,24.27,62.9,53.47,3.37,6.03,36.9,10.4,5.3,1.7,2.07,1.53,-15.5,11558.33,34361.67,2.97,43.71,-1.05
Le Creusot,172,16556.33,35132.33,19544.0,47.57,14.8,24.77,20.9,19.73,14.93,8.17,7.43,6.2,27.8,61.57,54.07,3.17,4.3,38.87,7.7,6.5,2.23,2.37,1.87,-14.63,11150.56,32505.33,2.92,46.8014,4.4411
Sarreguemines (partie française),156,19348.0,43760.83,20709.0,49.9,14.87,27.3,22.3,17.7,12.93,8.6,7.77,6.23,31.3,72.27,64.3,3.33,4.6,28.9,8.83,5.6,1.77,2.27,1.57,-15.6,10930.0,36506.17,3.34,,
Concarneau,210,13597.33,27432.33,21257.13,52.53,10.47,17.75,14.23,13.4,12.63,5.87,5.73,5.63,22.67,57.17,48.57,3.07,5.5,42.2,12.67,4.27,1.47,1.63,1.17,-16.3,12329.99,36814.19,2.99,47.8761,-3.9178
Lannion,126,30477.0,64775.17,21733.33,54.83,10.63,22.27,14.5,13.37,11.47,5.47,6.6,5.7,25.17,58.43,49.63,2.83,6.0,42.7,11.03,4.2,1.63,1.47,1.07,-16.37,12280.0,37354.5,3.03,48.7333,-3.4542
Cahors,162,20297.67,43518.83,20669.9,50.7,13.77,26.6,17.33,17.03,13.5,8.03,9.07,6.97,28.43,63.33,54.0,3.0,6.33,36.57,10.33,5.5,1.87,2.17,1.47,-15.73,11263.33,35225.85,3.12,44.4483,1.4414
Beaune,179,15413.0,34783.0,21660.83,57.07,10.4,14.47,11.63,12.57,11.2,6.57,6.17,5.13,20.7,72.53,63.77,2.7,6.07,28.8,12.17,4.1,1.83,1.23,1.03,-17.6,12359.6,38287.78,3.12,47.025,4.8397
Bressuire,260,8199.67,19122.67,19581.25,44.87,13.53,26.37,17.83,16.87,10.17,6.13,,5.3,32.27,68.97,60.27,2.93,5.77,29.23,10.4,6.1,2.53,2.03,1.5,-14.7,11302.94,32061.06,2.84,46.8408,-0.4872
Albertville,170,18224.33,41482.5,21285.96,54.97,11.97,17.1,16.37,14.6,10.33,7.67,7.1,5.13,23.27,70.17,62.0,2.93,5.2,29.5,11.17,4.83,2.13,1.47,1.2,-15.67,11856.21,35494.95,2.98,45.6767,6.3933
Lisieux,160,18319.33,40263.5,19308.78,45.67,15.63,25.4,18.93,19.47,16.77,8.93,6.83,7.0,28.6,65.73,57.3,3.17,5.27,33.27,8.73,6.7,2.43,2.37,1.9,-14.43,10943.21,32348.22,2.95,49.15,0.23
Saint-Loup-sur-Semouse,675,1513.33,3422.17,16152.56,32.4,28.3,,45.2,35.4,,25.37,,17.3,43.1,54.2,46.33,3.8,4.07,41.07,6.6,9.4,3.13,3.83,2.47,-11.27,9291.9,26426.67,2.86,,
Saint-Louis,9D5,17838.0,53244.0,12777.2,19.87,48.4,64.03,52.13,51.37,42.83,40.37,48.1,38.83,61.03,68.13,57.1,5.67,5.4,14.2,5.63,22.8,6.47,11.83,4.5,-10.77,7251.29,27272.74,3.75,47.59,7.57
Moulins,130,28311.33,60042.0,20250.0,50.5,13.57,24.63,17.57,16.77,12.9,7.43,7.27,5.5,27.87,63.87,55.9,2.6,5.4,34.83,10.47,6.13,2.07,2.43,1.67,-15.3,11376.21,33563.78,2.94,46.5653,3.3333
Royan,151,27171.67,52718.5,21649.97,55.2,11.77,21.17,17.57,18.23,16.03,6.8,6.37,7.23,22.77,45.1,35.33,2.8,6.97,52.93,15.93,3.5,1.03,1.5,0.97,-17.47,11879.89,39049.67,3.28,45.62,-1.03
Le Puy-en-Velay,114,33485.67,73632.83,20169.0,47.97,12.23,20.87,14.1,14.7,12.13,7.4,8.67,6.3,26.03,65.67,56.2,2.67,6.8,32.57,11.1,5.87,2.23,2.17,1.47,-15.2,11774.67,33609.78,2.85,45.0444,3.8847
Cognac,150,21775.0,47137.67,21195.8,53.63,12.03,22.0,15.67,14.77,11.33,6.73,6.83,5.9,26.43,68.57,59.0,2.87,6.67,32.67,10.5,4.87,1.67,1.93,1.27,-16.6,11820.94,36569.15,3.1,45.6958,-0.3292
Louviers,149,18846.0,46191.83,19275.37,48.73,19.07,28.77,23.97,22.5,17.37,10.77,7.73,5.73,32.7,73.3,65.97,4.1,3.23,26.17,6.93,8.4,3.17,2.93,2.33,-14.8,10042.03,33192.33,3.29,49.22,1.17
Pornic,273,9819.67,20995.33,23008.18,59.53,8.17,,10.1,11.93,9.4,5.0,,5.2,16.93,55.83,47.67,2.93,5.3,45.43,13.3,3.07,1.33,1.07,0.67,-17.63,13211.5,40587.5,3.08,47.1167,-2.1
Pontarlier,196,14082.67,32133.83,24313.64,62.97,8.13,8.4,9.4,9.4,7.43,6.4,,5.0,16.83,84.87,77.03,3.37,4.47,21.4,8.3,3.47,1.57,1.07,0.83,-18.03,13197.67,44474.05,3.37,46.9067,6.3556
Brignoles,244,10023.33,23585.17,18666.81,43.13,20.33,29.5,25.3,23.43,19.83,15.43,11.27,8.73,35.5,63.33,54.4,3.87,5.1,33.53,10.4,7.6,2.77,2.83,2.0,-14.87,9816.6,32599.67,3.32,43.4058,6.0615
Marmande,180,16186.0,35507.5,19061.61,44.47,16.7,22.6,21.2,20.9,16.87,10.63,12.33,9.27,30.8,62.93,53.37,3.17,6.4,34.9,10.43,6.33,2.13,2.4,1.77,-14.6,10688.16,32573.64,3.04,44.5,0.17
Digne-les-Bains,218,11874.33,24729.83,20100.67,50.3,15.73,25.17,22.2,19.43,14.17,9.67,11.1,6.43,27.63,63.1,54.63,2.9,5.5,36.3,9.77,6.3,2.0,2.5,1.8,-15.47,10693.61,33933.33,3.16,44.0933,6.2364
Cluses,100,38364.67,95603.0,23853.46,58.97,9.6,12.33,10.73,10.4,8.7,8.23,6.4,5.0,18.37,83.77,76.8,3.3,3.67,19.17,9.33,3.33,1.77,0.83,0.77,-15.6,12652.74,47200.89,3.75,46.0611,6.5794
Sallanches,159,20589.67,46046.83,22858.39,62.6,8.37,10.5,9.4,9.57,8.0,6.43,6.53,5.0,14.5,75.0,64.37,2.87,7.77,25.27,15.3,2.93,1.53,0.73,0.67,-18.5,13177.14,40170.67,3.04,45.9372,6.6328
Lons-le-Saunier,138,26831.0,57624.17,20762.25,52.17,12.2,20.23,16.93,14.07,11.17,7.5,8.33,6.1,25.37,67.0,59.1,2.6,5.3,34.3,9.1,4.93,1.97,1.67,1.27,-15.33,11793.33,34615.42,2.93,46.6753,5.5544
Annonay,157,20539.33,47620.83,20338.41,49.63,12.13,22.93,15.7,14.73,11.73,6.23,5.9,5.6,27.47,67.13,59.13,3.23,4.77,31.97,10.23,5.37,2.4,1.57,1.37,-14.7,11835.7,32888.57,2.79,45.2408,4.6714
Montceau-les-Mines,154,20382.67,42877.5,19041.56,43.97,14.8,23.43,20.07,19.6,15.0,8.63,7.67,6.57,28.87,60.6,53.4,3.2,4.0,38.97,7.3,6.87,2.3,2.6,1.97,-13.73,11134.43,30720.0,2.77,46.6678,4.3697
Verdun,166,17076.33,37784.83,19829.33,46.97,15.2,25.57,18.67,17.47,14.7,9.33,8.97,6.23,30.57,67.03,58.27,2.57,6.2,31.6,9.43,6.5,2.3,2.5,1.77,-14.57,10890.76,33198.56,3.05,49.162,5.3876
Sedan,185,13464.33,29129.67,17921.93,39.57,22.77,41.73,29.9,25.63,22.4,14.1,9.17,7.87,39.93,62.8,54.0,3.83,4.97,33.03,8.07,9.77,2.6,4.23,2.9,-13.67,9490.22,30959.56,3.26,49.7034,4.9388
Les Herbiers,279,7695.33,18431.33,20564.28,50.6,8.67,15.4,9.43,10.37,8.67,,,5.0,22.07,77.03,69.0,2.87,5.17,24.67,8.63,4.7,2.5,1.17,1.03,-15.03,12992.83,32141.83,2.49,46.87,-1.01
Pamiers,183,15050.33,33873.33,19344.67,45.27,16.57,24.4,20.2,18.77,17.03,10.57,11.17,8.0,30.83,65.7,57.57,3.2,4.93,32.2,9.23,7.33,2.37,2.97,2.03,-14.47,10542.89,32325.45,3.05,43.1175,1.6117
Montbrison,215,12242.0,27702.5,21157.53,50.9,10.5,20.87,11.87,12.27,9.43,5.93,8.53,5.0,23.37,68.73,60.93,2.77,5.03,30.3,11.67,5.03,2.13,1.57,1.3,-15.73,12308.62,35423.44,2.89,45.6083,4.0658
Saint-Amand-les-Eaux,184,13615.0,33706.83,20698.61,49.83,13.87,23.33,13.27,15.63,13.7,10.13,10.97,7.1,28.47,76.37,67.13,3.07,6.2,25.17,8.07,5.97,2.33,2.23,1.37,-15.57,11321.28,35944.44,3.17,50.4486,3.4281
Toulouse,004,561315.67,1279804.83,22424.28,57.2,12.47,22.9,13.03,13.33,11.5,8.1,8.93,5.0,24.33,80.6,71.87,3.23,5.5,22.6,9.6,5.23,1.97,1.8,1.47,-18.03,11589.07,39787.93,3.43,43.6045,1.444
Toulon,013,289746.67,627901.67,20963.89,53.03,15.13,23.43,18.93,18.43,15.97,10.87,8.47,6.57,26.87,64.2,54.43,3.3,6.43,35.93,11.97,5.4,1.7,2.2,1.47,-17.5,10790.39,37419.17,3.46,43.1258,5.9306
Toul,237,9326.67,21372.83,19088.0,45.2,17.0,27.2,20.87,19.87,15.27,9.93,,6.13,29.77,70.3,62.97,3.13,4.2,29.4,7.47,7.8,2.97,2.7,2.17,-14.97,10640.55,31921.78,3.0,48.675,5.8917
Beaucaire,200,12413.67,30154.67,16540.38,36.43,29.43,37.1,34.43,34.03,29.0,24.9,15.6,14.0,45.17,65.63,54.5,5.03,6.07,28.33,8.93,10.5,3.43,4.07,2.97,-13.4,8610.38,29655.44,3.45,43.8081,4.6442
Gaillac,285,8167.67,18262.17,18940.0,43.03,17.83,22.17,18.9,21.07,20.6,13.1,11.5,9.83,32.03,64.8,56.2,3.63,4.97,33.27,9.37,7.0,2.67,2.43,1.9,-14.43,10324.68,32594.78,3.15,43.9014,1.8992
Tarascon-sur-Ariège,552,2384.33,4988.33,18313.26,41.13,19.2,,,23.83,,15.4,,10.53,36.0,55.2,46.87,3.37,4.93,42.53,9.17,6.53,1.9,2.8,1.83,-13.43,10290.6,30216.81,2.92,,
Senlis,278,6802.67,15801.17,24676.21,65.4,8.7,,12.37,9.4,8.23,,,,14.6,81.63,73.1,2.57,5.93,25.2,13.2,3.17,1.5,0.87,0.8,-23.2,13059.62,51326.88,3.92,49.2081,2.5875
Longwy (partie française),115,30062.67,69081.0,20339.67,33.4,17.53,25.13,21.4,20.5,16.83,12.03,10.87,9.2,33.93,39.17,33.0,2.93,3.2,23.73,41.9,4.67,1.43,1.87,1.37,-9.47,10066.6,37658.67,3.74,,
Vesoul,135,26247.0,57863.33,20169.89,49.47,13.27,24.23,16.93,15.7,11.93,7.47,9.2,6.2,27.67,67.93,60.0,2.63,5.3,32.57,8.17,5.87,2.23,2.17,1.47,-14.53,11523.94,33101.22,2.88,47.6231,6.1558
Montargis,119,31120.0,71459.0,19447.78,49.5,18.23,27.93,25.23,23.6,16.83,10.23,6.47,7.83,35.47,65.6,57.97,3.47,4.13,33.67,9.17,6.8,2.63,2.37,1.8,-15.23,10064.67,33043.06,3.27,47.9978,2.7333
Saint-Avold (partie française),174,15699.33,35728.5,19194.89,46.27,18.4,31.53,27.33,24.4,15.2,10.43,7.07,8.33,31.7,64.3,56.03,3.9,4.33,35.2,8.2,6.83,2.33,2.63,1.87,-14.53,10300.33,33283.11,3.23,,
Issoire,214,12832.33,27743.33,20541.75,49.23,11.97,18.63,14.27,13.9,12.17,7.7,7.45,6.33,23.13,66.9,58.73,3.0,5.17,32.67,10.3,5.2,2.0,1.77,1.4,-15.07,11869.56,33704.67,2.83,45.545,3.2497
Morlaix,168,18241.33,38853.5,20170.71,48.0,12.77,24.03,16.07,15.77,12.83,6.47,7.1,6.47,29.87,64.07,53.9,3.13,7.0,36.27,8.63,6.13,2.2,2.37,1.57,-15.1,11617.27,32836.78,2.83,48.5783,-3.8267
Pontivy,235,10077.67,22032.0,20216.3,49.67,13.1,25.07,17.0,16.03,11.2,7.33,8.5,5.97,29.47,67.27,57.83,2.9,6.53,32.4,9.53,5.9,2.17,2.23,1.5,-15.1,11448.44,33226.73,2.9,48.0692,-2.9614
Romilly-sur-Seine,289,7577.0,16972.67,17012.01,39.53,24.63,39.07,32.8,31.77,23.2,15.1,,12.4,40.83,59.63,51.97,4.37,3.3,36.3,6.83,10.17,3.53,3.83,2.8,-12.93,9350.14,27885.33,2.97,48.5167,3.7275
Dinan,212,13209.0,27861.67,21104.81,50.73,11.3,23.87,14.63,13.77,11.27,6.27,6.0,5.0,25.37,63.2,54.0,3.17,6.0,36.93,10.47,5.27,1.8,2.0,1.47,-15.87,12058.67,36144.56,3.01,48.4564,-2.0489
Bar-le-Duc,182,14477.0,31155.5,20757.22,52.7,13.0,25.77,16.83,16.33,12.43,7.7,6.83,5.8,29.6,67.4,59.47,2.53,5.4,34.97,8.07,5.33,1.87,2.1,1.37,-15.77,11494.8,34230.78,2.98,48.7719,5.1603
Saint-Omer,099,36626.67,88630.0,18672.76,43.57,18.43,30.93,21.83,22.57,16.9,9.77,9.67,8.43,36.93,70.1,61.7,3.2,5.2,28.33,7.97,7.83,3.07,2.73,2.0,-14.23,10476.87,31219.17,2.97,50.7461,2.2617
Biscarrosse,339,6944.0,14642.17,21128.58,54.33,11.07,,14.37,14.87,12.43,6.27,,6.03,19.2,57.77,48.67,3.63,5.47,42.97,11.8,3.97,1.53,1.37,1.1,-16.5,12171.1,35814.41,2.93,44.3942,-1.1628
Les Sables-d'Olonne,152,26166.0,52293.33,21791.78,56.0,9.2,15.0,11.4,13.57,12.87,5.0,5.17,5.27,19.33,52.47,43.5,2.9,6.0,47.83,13.9,3.33,1.23,1.17,0.97,-17.53,12768.11,38147.33,3.0,46.4972,-1.7833
Flers,155,18868.33,42782.33,19265.3,44.43,15.1,22.53,19.27,19.13,15.7,8.6,7.5,7.3,33.5,64.0,55.7,3.07,5.23,34.57,8.93,6.1,2.57,1.97,1.57,-13.6,11012.17,30644.24,2.78,48.7518,-0.5605
Sainte-Maxime,272,9093.67,18634.83,21204.94,58.4,15.23,,18.1,21.5,16.77,12.07,7.77,9.5,22.17,56.47,44.13,3.47,8.83,40.0,22.83,2.93,1.07,1.17,0.73,-22.23,10692.54,44419.9,4.15,43.309,6.635
Saint-Brevin-les-Pins,245,11596.0,24820.0,22247.35,57.4,7.57,,7.83,9.17,11.0,5.0,,5.0,16.2,58.63,51.77,2.9,3.97,42.07,12.27,3.4,1.6,1.03,0.77,-16.37,13377.51,35853.3,2.69,47.2486,-2.1656
Auray,216,12860.67,28020.0,20894.89,50.47,11.67,19.6,14.27,13.6,12.9,6.63,,5.33,23.17,66.23,56.77,3.7,5.8,33.53,10.1,5.5,2.13,1.87,1.47,-15.37,11869.74,34702.0,2.93,47.6686,-2.9814
Castelsarrasin,217,11609.0,27289.33,17716.44,38.27,22.7,31.1,28.83,27.77,22.0,15.73,14.17,12.5,39.07,61.53,52.13,3.9,5.53,33.73,9.37,8.57,3.0,3.23,2.27,-13.2,9473.62,30488.43,3.22,44.0408,1.1078
Douarnenez,283,7917.0,15273.33,19745.89,45.93,13.6,,16.9,20.4,14.8,7.07,,7.4,28.97,56.2,46.9,3.7,5.6,43.53,9.6,5.5,1.63,2.3,1.57,-14.83,11415.44,32574.06,2.85,48.0928,-4.3292
Caudry,268,7680.0,17845.17,16738.65,36.73,27.77,41.73,36.37,37.03,24.5,12.2,,10.97,46.53,63.37,54.67,4.4,4.37,31.0,6.43,11.9,3.7,4.93,3.27,-12.7,9083.77,28502.89,3.16,50.1258,3.4125
Thouars,211,12445.33,27466.5,19064.9,43.47,14.23,23.57,18.47,16.7,14.07,8.07,9.73,7.83,33.03,64.17,55.73,2.93,5.5,34.7,9.73,5.97,2.27,2.2,1.47,-14.57,11216.45,30447.07,2.72,46.9758,-0.2142
Tulle,191,14236.0,29539.5,21038.79,52.63,11.7,25.5,15.57,14.93,10.33,5.77,8.77,5.3,26.83,63.17,55.67,2.47,5.03,38.23,8.87,4.63,1.7,1.73,1.27,-14.9,11909.56,34172.81,2.87,45.2673,1.7655
Lons-le-Saunier,138,26831.0,57624.17,20762.25,52.17,12.2,20.23,16.93,14.07,11.17,7.5,8.33,6.1,25.37,67.0,59.1,2.6,5.3,34.3,9.1,4.93,1.97,1.67,1.27,-15.33,11793.33,34615.42,2.93,46.6753,5.5544
Pierrelatte,327,5604.33,13272.0,18580.11,45.23,19.67,,23.27,25.43,16.03,18.17,,9.57,33.33,68.57,61.77,3.6,3.23,30.2,7.9,7.6,3.17,2.33,2.13,-14.27,10249.03,32179.44,3.16,44.3783,4.6964
Lourdes,242,10359.0,21251.33,18650.77,42.57,15.6,26.97,17.97,18.8,15.83,11.33,11.33,7.9,27.83,63.73,52.43,5.37,6.0,34.47,9.57,6.43,1.7,2.9,1.8,-14.2,10955.21,30517.43,2.79,43.0942,-0.0469
Fontenay-le-Comte,205,11741.0,26276.83,19510.69,44.87,13.53,21.9,18.37,16.47,13.77,7.5,8.57,6.97,30.67,63.07,54.33,3.03,5.67,36.4,8.9,5.87,2.33,2.07,1.5,-14.23,11382.33,31730.0,2.8,46.466,-0.8061
Tergnier,233,9617.67,21778.33,16920.06,37.13,25.63,40.87,33.63,32.53,24.53,12.23,10.0,9.4,43.07,60.67,53.8,4.0,2.9,34.3,5.6,11.37,3.67,4.5,3.2,-11.93,9342.12,27740.89,2.96,49.6564,3.2883
Gien,234,9642.33,22022.33,19732.44,51.33,18.23,23.1,24.83,22.27,18.47,11.9,8.3,8.33,35.3,66.1,58.07,3.5,4.5,34.07,8.4,6.5,2.57,2.17,1.73,-15.07,10092.33,33239.93,3.31,47.6897,2.63
Argentan,238,10458.67,22498.33,19335.81,45.93,16.67,27.53,21.67,23.33,16.6,8.93,7.1,7.2,30.43,61.3,53.13,2.8,5.37,37.27,8.27,6.8,2.37,2.53,1.9,-13.63,10525.98,31034.57,2.96,48.75,-0.02
Graulhet,326,5765.0,13177.67,16985.83,33.33,22.67,39.1,27.97,28.47,23.07,16.67,12.2,12.47,42.3,56.9,48.8,4.37,3.73,37.7,8.6,9.13,3.13,3.5,2.5,-12.33,9716.96,28164.76,2.89,43.7617,1.9892
Autun,225,10714.0,22710.0,19285.33,46.33,15.1,27.4,21.03,19.53,15.03,8.83,8.67,8.43,27.3,62.3,52.67,2.9,6.73,38.4,8.43,5.6,2.03,2.1,1.5,-14.73,11047.04,32171.0,2.92,46.9517,4.2994
Noyon,291,6268.67,14772.67,16575.46,39.07,27.83,41.23,38.03,35.3,23.83,14.9,,10.0,41.3,62.7,54.43,4.5,3.77,31.93,7.13,11.9,3.83,4.7,3.3,-13.67,9007.84,29341.37,3.26,49.5817,2.9997
Mayenne,206,11604.33,26852.33,20683.11,50.5,9.77,17.93,12.1,11.23,8.8,5.13,,5.0,22.8,70.17,62.23,2.93,5.03,30.13,9.67,4.93,2.43,1.33,1.17,-14.9,12578.74,32199.78,2.55,48.312,-0.6183
Bayeux,239,10812.33,23736.33,20623.96,50.37,12.03,20.6,14.17,14.7,13.37,6.73,,5.0,22.53,65.33,55.8,3.03,6.43,35.03,9.33,5.73,2.1,2.0,1.6,-15.43,11901.99,35313.11,2.98,49.2794,-0.7028
Saint-Hilaire-de-Riez,209,15146.67,30902.0,21616.25,56.03,7.9,,10.73,12.07,10.5,5.0,5.07,5.03,16.7,49.83,42.47,2.9,4.47,49.73,13.2,3.1,1.27,1.0,0.77,-15.87,13233.87,35687.56,2.7,46.7219,-1.9442
Granville,188,16264.33,33047.83,21288.73,52.87,10.17,20.1,14.63,12.93,11.3,5.5,5.93,5.33,19.67,55.47,45.57,2.57,7.3,43.33,13.83,4.13,1.43,1.5,1.17,-16.77,12436.44,38321.93,3.1,48.8374,-1.5939
Creutzwald,280,7328.0,16461.17,18812.43,44.6,19.53,29.63,28.77,28.87,15.4,11.27,,8.93,32.9,61.9,54.73,4.2,2.97,36.37,7.67,7.2,2.23,3.0,1.97,-13.13,9988.15,32216.22,3.23,49.2,6.6833
Castelnaudary,248,8610.0,19356.83,18809.05,42.27,17.53,29.47,21.7,20.73,15.5,10.77,13.6,9.23,30.17,65.23,56.37,3.5,5.37,32.67,9.03,7.1,2.43,2.73,1.93,-14.03,10527.55,31538.22,3.01,43.3192,1.9544
Aubenas,139,27082.0,58517.33,19186.33,43.97,16.87,26.73,23.3,21.17,17.6,9.77,9.6,9.37,31.93,58.8,48.67,3.87,6.27,36.73,12.9,6.03,2.1,2.23,1.67,-14.47,10503.9,32475.89,3.11,44.6206,4.3911
Sarrebourg,171,15880.67,36547.67,20410.5,50.37,12.3,19.8,15.97,15.67,9.57,7.97,8.13,6.7,27.07,70.53,62.87,2.83,4.83,31.0,8.0,5.1,2.03,1.83,1.2,-14.63,11794.12,32932.61,2.81,48.74,7.05
Mende,271,8077.33,18000.5,21111.98,53.57,10.67,18.47,10.87,12.1,8.33,7.8,,5.03,20.5,73.53,64.53,2.2,6.8,27.67,9.7,4.83,2.13,1.5,1.2,-15.73,12252.38,34502.0,2.81,44.5194,3.5014
Provins,305,6062.33,13679.33,18321.0,47.4,22.27,30.43,29.87,28.7,21.67,11.77,,6.8,32.77,69.0,59.17,3.33,6.53,29.07,10.67,8.33,2.77,3.13,2.4,-17.07,9324.78,34823.49,3.73,48.5604,3.299
Cogolin,361,5169.33,11702.0,19233.5,52.0,17.4,,16.47,19.4,18.3,17.13,,10.27,25.7,74.2,61.4,5.5,7.33,25.77,11.2,4.93,1.93,1.77,1.2,-16.1,10315.63,32958.44,3.19,43.2526,6.53
Villefranche-de-Rouergue,255,8902.33,19044.83,19509.13,45.33,15.3,26.83,20.17,17.83,15.63,9.57,11.9,9.07,30.67,59.6,49.77,2.43,7.4,38.0,11.5,5.63,1.97,2.2,1.47,-14.73,10993.94,32651.5,2.96,44.3533,2.035
Thiers,266,8237.67,18131.67,18737.85,42.33,18.03,33.17,21.4,23.37,17.0,11.53,10.05,9.7,35.47,63.6,55.53,3.87,4.23,34.4,8.67,7.03,2.33,2.8,1.9,-13.7,10226.73,31326.0,3.05,45.8572,3.5483
Saint-Gaudens,197,13705.33,29547.83,19576.67,47.1,17.03,28.77,23.37,22.57,15.5,9.97,11.1,8.87,34.17,60.1,51.53,2.93,5.6,38.7,9.3,6.5,2.1,2.73,1.7,-14.6,10398.69,33151.44,3.2,43.1089,0.7242
Chauny,250,8677.33,19681.0,18610.67,44.57,20.8,32.5,28.6,25.67,18.97,11.93,,9.7,37.83,65.67,57.53,3.43,4.7,33.1,6.97,8.2,2.77,3.23,2.2,-13.93,9788.92,31643.24,3.24,49.6164,3.22
Fourmies,288,6356.67,14483.5,15315.78,30.7,32.67,52.37,45.3,39.63,29.93,18.23,,12.97,49.03,55.8,47.73,4.1,3.97,33.53,6.5,15.8,4.2,7.2,4.43,-11.63,8801.33,27337.99,3.11,50.0181,4.0539
Saint-Cyprien,148,26187.67,54679.5,19348.18,46.07,17.73,27.67,22.8,23.73,21.2,10.3,10.43,9.83,31.4,53.5,43.37,4.0,6.17,43.7,12.67,5.83,1.8,2.4,1.67,-15.7,10374.31,33830.37,3.26,42.6189,3.0069
Saverne,251,8708.33,19801.33,21304.83,55.0,12.77,20.6,17.6,16.23,10.93,8.4,,5.87,25.13,72.47,64.13,2.83,5.43,30.97,8.73,4.7,1.97,1.53,1.2,-16.87,11623.22,37629.47,3.23,48.74,7.36
Saint-Junien,332,5818.0,11950.67,20248.33,47.33,12.67,26.6,16.53,13.77,12.83,9.0,,5.27,27.83,64.1,57.6,2.77,3.73,36.9,7.5,5.77,1.7,2.43,1.67,-14.27,11672.77,32152.0,2.75,45.8881,0.9019
Yvetot,297,6978.33,15010.0,20146.53,47.93,13.4,20.2,15.77,18.43,13.2,7.8,,5.0,22.67,68.4,61.13,2.9,4.37,31.17,8.8,6.47,2.13,2.53,1.8,-14.83,11489.75,34493.47,3.0,49.62,0.75
Saint-Jean-de-Maurienne,312,5997.67,12973.0,21654.89,57.17,9.53,,12.4,10.83,10.63,,,5.0,19.53,67.13,59.1,2.87,5.17,33.33,11.37,4.03,1.8,1.17,1.07,-15.87,12669.64,35121.91,2.78,,
Saint-Jean-d'Angély,320,6196.67,12752.0,18655.11,41.77,18.87,36.67,29.93,23.4,19.1,10.53,10.7,10.3,35.2,55.6,46.5,3.07,6.0,41.27,9.5,7.3,2.0,3.23,2.07,-13.67,10239.58,32031.49,3.14,,
Saint-Jean-de-Monts,347,6735.67,13548.17,20426.17,52.47,11.8,,15.9,16.53,14.87,6.27,,7.3,23.6,50.8,41.4,3.37,6.07,48.07,13.87,3.63,1.37,1.23,1.0,-16.37,11906.6,34934.0,2.93,46.7936,-2.0587
Saint-Jean-Pied-de-Port,676,1851.67,3955.33,20197.69,46.73,13.33,,,,,,,9.4,21.5,57.03,47.7,1.83,7.43,38.37,14.47,4.8,1.63,1.97,1.27,-14.67,11537.9,34538.89,2.99,,
Porto-Vecchio,325,6333.0,14925.83,18513.34,49.13,22.03,,24.7,24.23,22.8,19.03,17.33,11.1,31.9,71.5,58.07,4.1,9.4,25.83,15.6,5.63,2.03,2.07,1.5,-18.57,9525.1,35064.73,3.67,41.5917,9.2803
Guebwiller,198,12682.0,29128.5,21108.53,52.83,12.5,21.37,16.8,14.53,11.47,7.87,6.5,5.0,25.07,72.6,64.97,3.47,4.17,29.47,8.57,4.87,2.03,1.57,1.27,-15.5,11661.92,36441.95,3.13,47.9083,7.2108
Le Luc,323,5799.0,13345.67,19435.33,45.63,18.07,26.0,22.27,21.33,20.5,11.73,,9.57,30.5,62.37,53.83,3.67,4.87,36.3,9.4,6.57,2.5,2.37,1.67,-14.63,10095.63,32025.8,3.19,43.3956,6.3133
Issoudun,269,7480.0,15660.5,19886.71,49.43,13.5,27.97,16.4,17.43,12.43,7.8,,6.1,28.17,65.67,58.17,3.03,4.5,34.33,8.83,5.9,1.9,2.37,1.63,-14.73,11394.71,31892.67,2.81,46.9608,1.9944
Lavaur,338,5782.33,13041.5,20627.3,48.2,13.07,,12.87,15.03,14.23,9.53,,6.77,23.77,66.33,57.97,3.1,5.27,32.87,10.37,5.77,2.2,2.1,1.5,-15.33,11495.0,34980.44,3.06,43.6997,1.8197
Vire Normandie,199,14948.0,33888.5,19196.67,43.23,13.87,18.97,16.03,16.73,14.0,8.97,10.17,7.8,25.67,67.27,57.63,2.83,6.83,31.37,8.77,6.0,2.53,1.93,1.5,-13.4,11368.0,30281.93,2.66,,
Orthez,333,6032.33,12599.17,20214.09,48.67,13.27,32.5,18.53,17.37,11.63,8.17,,6.03,27.93,59.93,52.8,3.0,4.17,40.07,9.6,5.6,1.67,2.4,1.53,-15.2,11467.78,34670.13,3.01,43.49,-0.77
Beaumont-le-Roger,526,2603.0,5688.67,19699.98,48.83,15.0,,22.9,19.77,,,,6.05,29.2,60.17,53.23,3.5,3.43,39.23,7.6,6.7,2.4,2.43,1.83,-13.7,11112.0,31577.94,2.86,,
Beaumont-en-Véron,626,1998.0,4581.83,22108.07,58.5,8.1,,,,,,,,17.2,68.47,62.5,2.5,3.47,35.5,6.87,4.27,1.77,1.5,1.0,-15.1,13191.14,36350.43,2.74,,
Beaumont-de-Lomagne,700,1607.0,3572.0,18457.89,39.23,19.07,,,,,,,12.8,31.93,60.23,50.5,3.0,6.73,34.77,11.37,7.37,2.47,3.03,1.87,-13.73,10238.8,31057.71,3.03,,
Oloron-Sainte-Marie,232,10596.67,23098.83,20655.13,51.07,11.77,22.4,14.17,14.43,11.6,7.1,9.2,6.13,25.77,65.83,57.43,3.1,5.3,35.27,8.4,5.13,1.8,2.03,1.3,-14.63,11866.87,33429.0,2.82,43.1947,-0.6056
Pont-Saint-Esprit,299,6711.67,15427.83,19280.81,46.9,19.33,26.37,21.0,23.33,17.77,16.47,13.6,10.4,36.07,67.83,59.6,3.63,4.6,31.9,8.3,6.97,2.47,2.63,1.87,-15.0,9958.26,33484.83,3.35,44.2575,4.6492
Apt,249,9365.0,20743.0,18777.35,45.87,20.03,29.13,28.27,24.9,20.53,14.2,10.47,10.77,34.23,58.2,46.47,4.0,7.73,38.6,12.6,6.13,2.17,2.23,1.77,-15.53,9834.58,33375.56,3.39,43.8769,5.3969
Marckolsheim,658,1669.33,4121.67,20919.22,52.63,13.37,,,19.3,,,,,24.53,73.57,65.67,3.53,4.33,27.37,9.63,5.3,2.43,1.6,1.27,-15.87,11476.21,35372.94,3.08,,
Clermont-Ferrand,019,209801.33,458888.5,21786.38,55.83,11.9,23.23,13.8,13.4,11.17,7.0,7.13,5.0,25.9,72.47,64.93,2.67,4.83,29.53,10.17,4.83,1.83,1.63,1.37,-17.0,11784.33,37558.65,3.2,45.7831,3.0824
Clermont-l'Hérault,403,4717.67,10430.83,17808.85,38.4,22.13,38.0,29.13,25.6,21.57,12.97,,10.8,35.37,61.57,51.07,4.57,5.9,33.37,10.37,9.4,2.97,3.63,2.77,-14.7,9820.6,31956.89,3.25,,
Tarare,270,8040.33,19061.17,19862.12,46.47,13.8,19.43,14.7,18.03,13.17,9.2,,5.13,26.23,69.47,62.13,3.23,4.1,29.13,8.27,6.83,2.93,2.27,1.67,-13.7,11410.67,31833.33,2.8,45.8969,4.4339
Limoux,296,6839.67,14661.33,18636.78,41.03,18.7,34.73,22.93,22.6,20.5,11.9,12.3,9.47,35.33,57.5,46.97,3.23,7.3,38.67,10.6,7.43,2.0,3.33,2.1,-14.2,10223.13,32142.67,3.16,43.0569,2.2186
Avranches,261,8512.0,18512.5,20984.8,50.13,10.47,18.23,12.0,12.2,10.37,6.77,8.2,5.0,21.6,68.0,58.77,2.33,6.9,32.87,9.97,4.97,1.93,1.7,1.3,-15.8,12332.44,35032.63,2.84,48.685,-1.3556
Dinard,193,16240.67,33712.5,22060.43,55.77,9.47,13.45,11.57,13.27,11.3,5.4,6.27,5.67,18.83,56.57,47.33,2.9,6.3,43.8,13.73,3.57,1.43,1.2,0.93,-17.67,12703.41,40101.78,3.14,48.63,-2.06
Mazamet,219,11364.67,24682.67,18696.35,40.73,18.03,30.8,26.47,23.67,18.8,11.27,9.53,9.87,41.6,56.33,47.6,3.17,5.6,40.77,10.33,6.43,2.17,2.5,1.77,-13.87,10381.72,31861.03,3.08,43.4928,2.3742
Parthenay,254,8866.67,18904.17,19204.4,42.67,13.4,26.7,16.43,16.7,12.93,7.7,9.23,6.2,30.2,62.17,54.07,2.93,5.17,36.2,9.4,6.17,2.13,2.37,1.67,-13.93,11536.1,31100.88,2.68,46.6462,-0.2478
Carmaux,276,8290.33,17186.5,18070.19,35.7,18.13,31.07,25.93,24.17,17.53,10.5,11.07,9.5,33.6,53.37,45.9,3.27,4.17,43.13,7.47,8.03,2.33,3.47,2.23,-12.0,10452.24,28913.78,2.78,44.05,2.1589
Albertville,170,18224.33,41482.5,21285.96,54.97,11.97,17.1,16.37,14.6,10.33,7.67,7.1,5.13,23.27,70.17,62.0,2.93,5.2,29.5,11.17,4.83,2.13,1.47,1.2,-15.67,11856.21,35494.95,2.98,45.6767,6.3933
Albert,370,4564.0,9765.67,18415.6,43.13,19.1,32.07,25.27,24.63,17.97,11.73,,7.47,34.27,63.37,56.1,3.23,3.97,35.3,6.97,8.23,2.43,3.57,2.2,-13.87,10265.79,30789.96,2.99,50.0028,2.6528
Figeac,223,11845.0,24876.5,20590.47,50.27,12.83,18.57,15.17,14.53,12.63,9.37,11.1,7.97,25.53,62.9,54.8,2.33,5.77,37.0,10.43,4.67,1.67,1.87,1.17,-15.0,11613.6,33938.44,2.91,44.6086,2.0317
Revel,387,4716.0,10003.5,18952.67,42.9,16.7,,20.7,19.4,16.3,11.7,12.97,8.53,29.07,58.93,49.9,3.13,5.93,37.97,10.73,6.77,2.07,2.7,2.0,-14.4,10623.57,32890.0,3.08,43.4594,2.0047
Bernay,293,7048.67,14635.0,19889.93,48.57,16.03,33.67,23.9,20.07,14.6,8.0,,5.6,30.23,62.57,53.63,3.03,5.9,35.97,10.23,6.83,1.97,2.9,1.93,-15.6,10579.42,35253.84,3.33,49.09,0.6
Foix,265,8640.67,18013.33,20183.0,48.53,16.1,30.43,23.33,19.0,15.17,9.5,10.0,7.5,32.5,62.0,53.13,2.83,6.0,37.5,9.4,6.17,1.8,2.57,1.8,-15.07,10599.94,34880.89,3.3,42.9664,1.6078
Saint-Amand-Montrond,246,9224.0,18801.83,18973.5,43.83,16.53,29.07,21.97,21.9,18.8,9.17,8.53,9.43,30.83,58.43,49.8,2.93,5.7,40.57,8.17,6.73,1.9,3.07,1.83,-13.9,10646.53,31283.78,2.94,46.7,2.51
Nogent-le-Rotrou,263,7400.67,15824.67,20207.61,51.53,13.3,24.85,18.7,17.07,14.63,7.4,,5.37,29.33,60.47,51.97,2.97,5.53,39.27,10.03,5.23,2.03,1.77,1.4,-15.0,11442.44,32155.11,2.81,48.3225,0.8225
Tonneins,377,4537.67,9823.67,17548.68,37.97,21.5,,27.07,28.33,22.57,14.67,14.0,12.0,37.17,56.13,47.53,3.5,5.1,39.0,9.17,8.57,2.73,3.37,2.47,-12.87,9802.75,29163.17,2.98,44.3906,0.3092
Redon,201,12400.0,28445.5,20082.0,47.47,12.6,21.23,16.67,15.43,11.97,6.27,8.83,6.87,29.17,65.73,58.37,3.13,4.23,33.5,9.23,5.93,2.47,2.0,1.47,-14.4,11669.12,32151.78,2.77,47.6522,-2.0836
Paray-le-Monial,353,5454.0,11098.0,19780.41,46.9,11.83,,16.47,15.33,12.27,7.95,,5.3,23.23,59.37,50.57,2.4,6.4,40.27,9.83,5.67,1.93,2.2,1.53,-15.13,12012.0,33481.56,2.79,46.4519,4.1203
Belley,294,6921.67,16081.5,20266.06,50.5,13.97,21.0,16.2,16.4,14.3,10.9,,6.5,26.7,68.03,60.07,3.23,4.77,31.37,10.1,5.67,2.53,1.77,1.37,-15.17,11250.48,34376.67,3.05,45.7667,5.6833
Joigny,369,4008.0,8758.33,16697.89,39.17,29.0,40.53,42.13,37.63,29.4,16.2,,10.17,44.63,57.4,48.97,3.67,4.77,37.4,8.17,11.03,3.23,4.6,3.17,-14.0,8696.2,30187.44,3.46,47.9831,3.3978
Landivisiau,343,5246.33,11984.5,19658.44,45.4,11.27,,11.73,12.87,10.6,,,6.77,23.1,71.57,61.53,3.6,6.43,28.43,8.47,6.33,2.77,2.03,1.47,-14.8,12140.64,31380.41,2.59,48.51,-4.0669
Capbreton,354,6972.67,13344.33,22818.22,58.97,12.2,,14.77,17.77,16.4,7.83,,6.67,22.07,54.4,42.27,3.6,8.57,44.37,18.57,2.97,0.8,1.3,0.87,-20.3,11651.33,45208.22,3.87,43.6431,-1.4311
Ussel,308,6069.67,12975.83,19579.24,47.7,12.9,,14.43,16.83,11.13,8.53,,7.7,23.17,67.07,58.33,2.4,6.3,33.17,8.83,5.3,2.13,1.8,1.37,-14.37,11701.01,32250.94,2.77,45.5489,2.31
Pithiviers,359,4933.33,11787.17,17638.33,43.5,21.73,29.87,27.4,25.63,20.5,17.0,,7.9,34.8,66.43,57.83,4.33,4.27,30.53,8.57,8.77,3.53,2.8,2.47,-14.3,9732.96,30280.95,3.11,48.1725,2.2525
Sarzeau,453,4145.33,8242.33,23445.33,62.83,8.2,,,15.1,,,,5.07,18.0,42.6,33.17,2.7,6.73,59.1,13.93,2.53,0.97,0.93,0.63,-18.17,13205.38,41546.57,3.14,47.5281,-2.7686
Crest,309,6836.33,15103.83,19538.59,44.17,15.2,27.1,17.97,20.27,16.6,8.43,,7.5,29.53,62.0,51.13,4.13,6.73,34.13,12.2,6.27,2.33,2.13,1.77,-14.6,11061.11,33262.44,3.0,44.7292,5.0228
Saint-Jean-de-Monts,347,6735.67,13548.17,20426.17,52.47,11.8,,15.9,16.53,14.87,6.27,,7.3,23.6,50.8,41.4,3.37,6.07,48.07,13.87,3.63,1.37,1.23,1.0,-16.37,11906.6,34934.0,2.93,46.7936,-2.0587
Lillebonne,224,10660.67,25712.0,20438.67,52.07,13.3,20.53,15.23,16.67,12.7,7.97,,5.0,26.9,72.53,66.17,3.37,3.0,29.63,6.17,6.07,2.67,1.87,1.53,-14.4,11625.07,34470.61,2.98,49.5189,0.5343
Saint-Claude,315,4969.0,10897.83,19310.92,48.93,17.13,,25.17,21.23,14.67,11.65,,6.3,29.43,65.97,59.47,3.5,3.0,33.9,7.3,6.87,2.53,2.4,1.97,-14.03,10551.03,33545.11,3.16,46.3878,5.8639
Aigues-Mortes,435,3915.67,8781.33,20073.27,49.9,15.33,,17.13,16.57,18.13,11.7,,8.1,26.3,65.23,53.37,4.2,7.63,32.87,13.57,5.13,1.8,1.97,1.33,-16.8,11040.67,34878.5,3.17,43.5675,4.1933
Hirson,367,4241.0,9122.5,15564.71,32.37,32.63,46.07,45.93,40.7,34.8,18.37,,15.33,50.57,54.07,46.93,3.4,3.73,36.67,7.3,13.8,3.73,6.1,3.97,-11.83,8715.72,26889.56,3.08,49.9217,4.0839
Chamonix-Mont-Blanc,322,6483.0,13865.0,22078.48,60.17,12.77,,14.93,15.13,13.57,8.4,,9.33,16.77,74.77,60.9,3.13,10.7,24.07,18.43,2.37,1.23,0.6,0.57,-19.63,11361.57,43212.0,3.8,45.9231,6.8697
Privas,252,9272.0,20441.17,21014.29,53.3,11.97,24.8,16.8,14.13,10.27,7.43,,5.33,26.1,66.53,59.27,2.4,4.83,33.73,9.7,5.6,2.13,2.03,1.4,-15.57,11834.89,35059.67,2.98,44.7358,4.597
Saint-Vallier,407,3926.33,8710.5,19298.52,45.8,17.23,,21.17,21.47,16.47,,,8.57,33.47,66.67,59.13,4.03,3.5,30.3,9.87,7.1,2.77,2.37,1.93,-13.93,10598.57,31317.31,2.96,46.6428,4.3719
